atm_id,bank_id,district_id,district_name,latitude,longitude,location_type,installed_year,is_hotspot_terminal,daily_footfall
ATM1001,BANK02,DIST07,Airport Transit Zone,19.07626,72.86943,Commercial,2020,1,476
ATM1002,BANK04,DIST01,Central Financial District,18.94141,72.82413,Commercial,2023,1,307
ATM1003,BANK02,DIST06,Old City Market,18.92545,72.8449,Commercial,2022,1,268
ATM1004,BANK02,DIST06,Old City Market,18.96057,72.82506,Residential,2018,1,178
ATM1005,BANK01,DIST04,East Industrial Zone,19.10351,72.90343,Commercial,2019,1,257
ATM1006,BANK09,DIST01,Central Financial District,18.93671,72.8239,Commercial,2022,0,425
ATM1007,BANK04,DIST13,Outer Ring Road East,19.11274,72.92806,Transit Hub,2023,0,415
ATM1008,BANK09,DIST06,Old City Market,18.94215,72.86684,Commercial,2021,1,445
ATM1009,BANK10,DIST20,Highway Bypass Outpost,19.21262,72.88058,Bank Branch Lobby,2024,1,340
ATM1010,BANK01,DIST07,Airport Transit Zone,19.08599,72.87488,Transit Hub,2019,0,306
ATM1011,BANK07,DIST05,West Coast Suburban,19.04083,72.84181,Standalone Highway,2019,1,99
ATM1012,BANK04,DIST01,Central Financial District,18.93954,72.83809,Residential,2020,0,421
ATM1013,BANK02,DIST15,Port & Logistics Area,18.94251,72.84752,Commercial,2018,1,376
ATM1014,BANK06,DIST06,Old City Market,18.96851,72.83137,Commercial,2022,0,317
ATM1015,BANK05,DIST14,Outer Ring Road West,19.16502,72.82856,Transit Hub,2023,0,378
ATM1016,BANK08,DIST15,Port & Logistics Area,18.93726,72.87295,Transit Hub,2021,0,377
ATM1017,BANK02,DIST09,University Campus District,19.07122,72.87697,Commercial,2024,0,356
ATM1018,BANK10,DIST06,Old City Market,18.95321,72.84434,Commercial,2020,0,351
ATM1019,BANK10,DIST07,Airport Transit Zone,19.08013,72.87452,Commercial,2018,1,285
ATM1020,BANK01,DIST20,Highway Bypass Outpost,19.20398,72.87602,Standalone Highway,2024,1,154
ATM1021,BANK05,DIST16,Civic Center District,18.95646,72.83711,Standalone Highway,2024,0,98
ATM1022,BANK04,DIST04,East Industrial Zone,19.06887,72.91398,Standalone Highway,2021,0,111
ATM1023,BANK05,DIST01,Central Financial District,18.90034,72.83525,Commercial,2024,1,322
ATM1024,BANK06,DIST20,Highway Bypass Outpost,19.20037,72.87258,Residential,2020,1,188
ATM1025,BANK04,DIST06,Old City Market,18.95658,72.81342,Commercial,2023,1,354
ATM1026,BANK02,DIST01,Central Financial District,18.96176,72.83683,Commercial,2019,0,329
ATM1027,BANK09,DIST03,North Tech Corridor,19.11768,72.86961,Commercial,2019,0,441
ATM1028,BANK08,DIST04,East Industrial Zone,19.08182,72.88908,Residential,2023,1,460
ATM1029,BANK09,DIST12,North Suburban Gateway,19.16593,72.86202,Standalone Highway,2020,1,90
ATM1030,BANK01,DIST01,Central Financial District,18.9254,72.85158,Commercial,2018,1,419
ATM1031,BANK06,DIST08,Railway Terminal Hub,19.02559,72.83313,Commercial,2018,1,276
ATM1032,BANK04,DIST20,Highway Bypass Outpost,19.2286,72.86534,Commercial,2022,0,279
ATM1033,BANK06,DIST20,Highway Bypass Outpost,19.20572,72.87667,Residential,2021,1,368
ATM1034,BANK07,DIST09,University Campus District,19.09169,72.87381,Standalone Highway,2023,0,113
ATM1035,BANK08,DIST18,Greenwood Residential,19.04272,72.83429,Commercial,2019,0,391
ATM1036,BANK04,DIST17,Wholesale Market Yard,19.03856,72.86741,Commercial,2022,0,447
ATM1037,BANK05,DIST03,North Tech Corridor,19.11632,72.87987,Commercial,2021,0,373
ATM1038,BANK10,DIST01,Central Financial District,18.92363,72.8332,Residential,2019,1,252
ATM1039,BANK03,DIST13,Outer Ring Road East,19.13381,72.91855,Commercial,2018,1,442
ATM1040,BANK01,DIST13,Outer Ring Road East,19.11515,72.93509,Residential,2019,0,425
ATM1041,BANK03,DIST02,South Harbor Commercial,18.89356,72.81574,Commercial,2021,0,343
ATM1042,BANK10,DIST18,Greenwood Residential,19.06409,72.83451,Transit Hub,2021,1,393
ATM1043,BANK10,DIST11,Midtown Retail Strip,18.98512,72.83159,Residential,2022,0,264
ATM1044,BANK05,DIST20,Highway Bypass Outpost,19.21579,72.86851,Bank Branch Lobby,2024,0,409
ATM1045,BANK01,DIST20,Highway Bypass Outpost,19.20457,72.87932,Transit Hub,2018,1,314
ATM1046,BANK09,DIST03,North Tech Corridor,19.12388,72.87822,Residential,2024,0,357
ATM1047,BANK06,DIST11,Midtown Retail Strip,19.00477,72.82229,Bank Branch Lobby,2021,1,354
ATM1048,BANK03,DIST17,Wholesale Market Yard,19.02128,72.87047,Residential,2023,1,435
ATM1049,BANK05,DIST06,Old City Market,18.96766,72.82625,Standalone Highway,2024,0,135
ATM1050,BANK03,DIST16,Civic Center District,18.98623,72.85097,Residential,2018,0,429
ATM1051,BANK05,DIST18,Greenwood Residential,19.04617,72.80199,Commercial,2022,0,311
ATM1052,BANK10,DIST08,Railway Terminal Hub,19.01878,72.82634,Residential,2020,1,378
ATM1053,BANK03,DIST01,Central Financial District,18.92148,72.82708,Transit Hub,2024,1,292
ATM1054,BANK09,DIST12,North Suburban Gateway,19.18466,72.88977,Residential,2022,0,497
ATM1055,BANK06,DIST14,Outer Ring Road West,19.15518,72.8303,Commercial,2018,0,297
ATM1056,BANK06,DIST08,Railway Terminal Hub,19.02803,72.83854,Commercial,2024,0,482
ATM1057,BANK05,DIST03,North Tech Corridor,19.11741,72.85035,Residential,2019,1,249
ATM1058,BANK10,DIST20,Highway Bypass Outpost,19.22101,72.87453,Residential,2018,0,482
ATM1059,BANK08,DIST07,Airport Transit Zone,19.08083,72.85024,Residential,2024,0,385
ATM1060,BANK09,DIST08,Railway Terminal Hub,19.0271,72.84757,Transit Hub,2019,0,275
ATM1061,BANK08,DIST03,North Tech Corridor,19.08966,72.8541,Residential,2019,0,314
ATM1062,BANK05,DIST07,Airport Transit Zone,19.09117,72.8663,Standalone Highway,2022,1,190
ATM1063,BANK07,DIST13,Outer Ring Road East,19.12257,72.93073,Residential,2022,0,359
ATM1064,BANK04,DIST07,Airport Transit Zone,19.09755,72.85822,Transit Hub,2021,0,518
ATM1065,BANK06,DIST20,Highway Bypass Outpost,19.21527,72.8687,Bank Branch Lobby,2022,1,372
ATM1066,BANK08,DIST02,South Harbor Commercial,18.90253,72.83562,Commercial,2019,1,312
ATM1067,BANK02,DIST16,Civic Center District,18.93253,72.83073,Residential,2022,0,421
ATM1068,BANK09,DIST14,Outer Ring Road West,19.15869,72.81744,Commercial,2019,1,420
ATM1069,BANK01,DIST14,Outer Ring Road West,19.13355,72.81035,Residential,2023,1,393
ATM1070,BANK01,DIST17,Wholesale Market Yard,19.03257,72.87863,Residential,2018,1,314
ATM1071,BANK06,DIST02,South Harbor Commercial,18.91015,72.83617,Standalone Highway,2019,1,140
ATM1072,BANK05,DIST07,Airport Transit Zone,19.08588,72.86235,Bank Branch Lobby,2019,0,300
ATM1073,BANK09,DIST20,Highway Bypass Outpost,19.23295,72.88278,Transit Hub,2022,1,269
ATM1074,BANK10,DIST13,Outer Ring Road East,19.11043,72.93925,Residential,2024,1,403
ATM1075,BANK08,DIST02,South Harbor Commercial,18.90161,72.82489,Transit Hub,2019,0,428
ATM1076,BANK02,DIST06,Old City Market,18.95504,72.84087,Commercial,2021,1,458
ATM1077,BANK06,DIST02,South Harbor Commercial,18.9048,72.82745,Standalone Highway,2021,1,105
ATM1078,BANK01,DIST02,South Harbor Commercial,18.91278,72.83885,Bank Branch Lobby,2023,0,311
ATM1079,BANK02,DIST20,Highway Bypass Outpost,19.20203,72.88632,Commercial,2023,1,374
ATM1080,BANK06,DIST08,Railway Terminal Hub,19.0355,72.84417,Transit Hub,2018,0,349
ATM1081,BANK04,DIST01,Central Financial District,18.94745,72.84035,Residential,2022,1,341
ATM1082,BANK08,DIST06,Old City Market,18.96162,72.82938,Bank Branch Lobby,2019,1,386
ATM1083,BANK05,DIST01,Central Financial District,18.93304,72.8429,Bank Branch Lobby,2024,1,357
ATM1084,BANK02,DIST20,Highway Bypass Outpost,19.20072,72.89731,Residential,2024,1,382
ATM1085,BANK09,DIST08,Railway Terminal Hub,19.0322,72.86959,Bank Branch Lobby,2023,1,525
ATM1086,BANK09,DIST05,West Coast Suburban,19.0447,72.83831,Transit Hub,2018,0,241
ATM1087,BANK04,DIST11,Midtown Retail Strip,18.97905,72.83635,Standalone Highway,2021,1,93
ATM1088,BANK08,DIST19,Lake View Hills,19.1359,72.9189,Transit Hub,2021,0,468
ATM1089,BANK01,DIST20,Highway Bypass Outpost,19.20912,72.86661,Standalone Highway,2018,1,68
ATM1090,BANK07,DIST20,Highway Bypass Outpost,19.22625,72.87331,Transit Hub,2024,1,372
ATM1091,BANK08,DIST07,Airport Transit Zone,19.0883,72.86493,Standalone Highway,2023,1,120
ATM1092,BANK09,DIST15,Port & Logistics Area,18.94556,72.85124,Commercial,2021,0,222
ATM1093,BANK03,DIST20,Highway Bypass Outpost,19.19358,72.87643,Residential,2019,1,227
ATM1094,BANK01,DIST02,South Harbor Commercial,18.92533,72.82791,Residential,2022,0,513
ATM1095,BANK01,DIST09,University Campus District,19.07804,72.89154,Residential,2018,0,330
ATM1096,BANK01,DIST03,North Tech Corridor,19.12526,72.88757,Commercial,2022,1,420
ATM1097,BANK09,DIST03,North Tech Corridor,19.09283,72.88703,Transit Hub,2022,1,328
ATM1098,BANK02,DIST08,Railway Terminal Hub,19.02641,72.84196,Residential,2018,0,456
ATM1099,BANK10,DIST17,Wholesale Market Yard,19.03482,72.86956,Commercial,2024,1,380
ATM1100,BANK04,DIST08,Railway Terminal Hub,19.01741,72.86127,Commercial,2022,1,234
ATM1101,BANK04,DIST02,South Harbor Commercial,18.89678,72.83085,Commercial,2018,0,344
ATM1102,BANK10,DIST13,Outer Ring Road East,19.13646,72.92464,Commercial,2023,1,311
ATM1103,BANK10,DIST03,North Tech Corridor,19.10381,72.86299,Commercial,2020,1,341
ATM1104,BANK05,DIST04,East Industrial Zone,19.06038,72.89939,Residential,2023,1,167
ATM1105,BANK06,DIST01,Central Financial District,18.93838,72.84556,Commercial,2021,1,341
ATM1106,BANK03,DIST16,Civic Center District,18.93735,72.82616,Commercial,2020,0,396
ATM1107,BANK08,DIST07,Airport Transit Zone,19.11809,72.86187,Transit Hub,2024,1,481
ATM1108,BANK02,DIST01,Central Financial District,18.92921,72.84132,Standalone Highway,2022,1,90
ATM1109,BANK10,DIST08,Railway Terminal Hub,19.00613,72.84875,Transit Hub,2018,0,221
ATM1110,BANK09,DIST05,West Coast Suburban,19.05684,72.83796,Commercial,2020,1,346
ATM1111,BANK03,DIST04,East Industrial Zone,19.06352,72.89449,Standalone Highway,2018,0,170
ATM1112,BANK04,DIST15,Port & Logistics Area,18.95558,72.84451,Transit Hub,2019,1,349
ATM1113,BANK08,DIST11,Midtown Retail Strip,18.99671,72.85098,Commercial,2023,0,279
ATM1114,BANK05,DIST12,North Suburban Gateway,19.15991,72.83813,Bank Branch Lobby,2024,0,425
ATM1115,BANK09,DIST12,North Suburban Gateway,19.17216,72.85824,Commercial,2024,1,297
ATM1116,BANK09,DIST03,North Tech Corridor,19.10775,72.85976,Standalone Highway,2023,1,103
ATM1117,BANK02,DIST02,South Harbor Commercial,18.87997,72.83322,Bank Branch Lobby,2019,0,330
ATM1118,BANK05,DIST20,Highway Bypass Outpost,19.19911,72.87285,Commercial,2018,1,371
ATM1119,BANK09,DIST03,North Tech Corridor,19.11994,72.87219,Residential,2020,1,216
ATM1120,BANK10,DIST15,Port & Logistics Area,18.95152,72.84823,Transit Hub,2020,1,269
ATM1121,BANK04,DIST08,Railway Terminal Hub,19.0123,72.84412,Residential,2024,1,401
ATM1122,BANK05,DIST03,North Tech Corridor,19.09366,72.90311,Commercial,2020,1,221
ATM1123,BANK01,DIST06,Old City Market,18.94958,72.84262,Residential,2021,1,392
ATM1124,BANK05,DIST08,Railway Terminal Hub,19.0351,72.82656,Bank Branch Lobby,2020,1,267
ATM1125,BANK03,DIST17,Wholesale Market Yard,19.03704,72.86107,Commercial,2020,1,356
ATM1126,BANK03,DIST11,Midtown Retail Strip,19.00013,72.83056,Residential,2022,0,359
ATM1127,BANK07,DIST04,East Industrial Zone,19.06898,72.89487,Standalone Highway,2018,1,128
ATM1128,BANK02,DIST06,Old City Market,18.9817,72.83026,Standalone Highway,2023,0,148
ATM1129,BANK03,DIST08,Railway Terminal Hub,19.00968,72.82104,Commercial,2024,1,351
ATM1130,BANK06,DIST04,East Industrial Zone,19.09292,72.89583,Transit Hub,2019,0,415
ATM1131,BANK07,DIST19,Lake View Hills,19.11938,72.91344,Bank Branch Lobby,2020,1,231
ATM1132,BANK06,DIST03,North Tech Corridor,19.12733,72.87581,Transit Hub,2024,0,449
ATM1133,BANK01,DIST18,Greenwood Residential,19.05415,72.82485,Commercial,2019,0,416
ATM1134,BANK04,DIST01,Central Financial District,18.92193,72.84922,Standalone Highway,2020,1,132
ATM1135,BANK09,DIST06,Old City Market,18.97224,72.82816,Commercial,2021,0,410
ATM1136,BANK10,DIST14,Outer Ring Road West,19.14393,72.84163,Transit Hub,2019,0,430
ATM1137,BANK03,DIST05,West Coast Suburban,19.0417,72.83405,Bank Branch Lobby,2024,0,207
ATM1138,BANK03,DIST08,Railway Terminal Hub,19.03575,72.84997,Residential,2018,0,561
ATM1139,BANK03,DIST01,Central Financial District,18.95359,72.83818,Bank Branch Lobby,2020,0,286
ATM1140,BANK07,DIST11,Midtown Retail Strip,19.00766,72.8159,Residential,2024,0,500
ATM1141,BANK04,DIST20,Highway Bypass Outpost,19.20892,72.87937,Commercial,2024,1,354
ATM1142,BANK02,DIST11,Midtown Retail Strip,19.01513,72.82494,Commercial,2018,1,339
ATM1143,BANK08,DIST16,Civic Center District,18.95023,72.80715,Bank Branch Lobby,2024,0,246
ATM1144,BANK08,DIST14,Outer Ring Road West,19.13946,72.80697,Transit Hub,2024,1,329
ATM1145,BANK04,DIST03,North Tech Corridor,19.11352,72.85387,Transit Hub,2023,1,331
ATM1146,BANK04,DIST11,Midtown Retail Strip,19.01035,72.81979,Bank Branch Lobby,2020,1,391
ATM1147,BANK02,DIST03,North Tech Corridor,19.10401,72.86773,Bank Branch Lobby,2020,0,555
ATM1148,BANK06,DIST02,South Harbor Commercial,18.91071,72.81561,Standalone Highway,2021,1,140
ATM1149,BANK09,DIST04,East Industrial Zone,19.10364,72.88541,Commercial,2018,1,329
ATM1150,BANK02,DIST09,University Campus District,19.09405,72.85276,Residential,2020,0,250
ATM1151,BANK03,DIST03,North Tech Corridor,19.11708,72.86664,Bank Branch Lobby,2020,1,237
ATM1152,BANK01,DIST12,North Suburban Gateway,19.16717,72.85676,Commercial,2021,1,344
ATM1153,BANK06,DIST13,Outer Ring Road East,19.12393,72.93036,Commercial,2020,0,407
ATM1154,BANK07,DIST01,Central Financial District,18.91865,72.83228,Commercial,2022,0,339
ATM1155,BANK02,DIST13,Outer Ring Road East,19.12079,72.92725,Commercial,2022,1,406
ATM1156,BANK04,DIST17,Wholesale Market Yard,19.04033,72.87976,Commercial,2023,1,269
ATM1157,BANK07,DIST06,Old City Market,18.93676,72.85468,Standalone Highway,2024,1,104
ATM1158,BANK09,DIST05,West Coast Suburban,19.06699,72.85599,Commercial,2023,0,209
ATM1159,BANK04,DIST12,North Suburban Gateway,19.19146,72.83506,Transit Hub,2018,1,366
ATM1160,BANK06,DIST15,Port & Logistics Area,18.94384,72.86666,Residential,2023,0,347
ATM1161,BANK02,DIST08,Railway Terminal Hub,19.04366,72.85587,Commercial,2020,1,363
ATM1162,BANK09,DIST20,Highway Bypass Outpost,19.20779,72.85454,Commercial,2021,1,358
ATM1163,BANK06,DIST01,Central Financial District,18.91264,72.83772,Residential,2020,1,432
ATM1164,BANK09,DIST04,East Industrial Zone,19.07847,72.91815,Residential,2021,1,475
ATM1165,BANK07,DIST03,North Tech Corridor,19.1117,72.87938,Transit Hub,2019,1,300
ATM1166,BANK10,DIST03,North Tech Corridor,19.11391,72.86552,Residential,2021,1,365
ATM1167,BANK09,DIST04,East Industrial Zone,19.05451,72.88912,Transit Hub,2020,0,271
ATM1168,BANK05,DIST11,Midtown Retail Strip,19.01464,72.85698,Bank Branch Lobby,2024,1,325
ATM1169,BANK10,DIST14,Outer Ring Road West,19.16229,72.80677,Commercial,2020,0,554
ATM1170,BANK08,DIST06,Old City Market,18.95565,72.82927,Commercial,2023,1,369
ATM1171,BANK04,DIST14,Outer Ring Road West,19.1787,72.82443,Transit Hub,2024,0,406
ATM1172,BANK03,DIST16,Civic Center District,18.93325,72.82195,Residential,2020,0,424
ATM1173,BANK09,DIST06,Old City Market,18.94097,72.83079,Transit Hub,2022,1,380
ATM1174,BANK06,DIST16,Civic Center District,18.94733,72.85044,Standalone Highway,2024,1,151
ATM1175,BANK04,DIST04,East Industrial Zone,19.05448,72.89801,Bank Branch Lobby,2019,0,384
ATM1176,BANK04,DIST03,North Tech Corridor,19.11609,72.87952,Commercial,2018,1,360
ATM1177,BANK04,DIST13,Outer Ring Road East,19.13036,72.92744,Bank Branch Lobby,2022,0,346
ATM1178,BANK02,DIST17,Wholesale Market Yard,19.04318,72.85441,Standalone Highway,2023,1,146
ATM1179,BANK10,DIST01,Central Financial District,18.91534,72.83711,Commercial,2023,1,367
ATM1180,BANK07,DIST06,Old City Market,18.95106,72.83037,Commercial,2019,1,360
ATM1181,BANK03,DIST10,South Suburban Enclave,18.97219,72.82252,Residential,2018,0,371
ATM1182,BANK02,DIST04,East Industrial Zone,19.08348,72.90726,Residential,2019,0,353
ATM1183,BANK03,DIST20,Highway Bypass Outpost,19.22468,72.8618,Transit Hub,2023,0,533
ATM1184,BANK09,DIST17,Wholesale Market Yard,19.03065,72.83982,Residential,2022,1,209
ATM1185,BANK04,DIST04,East Industrial Zone,19.0692,72.88904,Commercial,2018,0,269
ATM1186,BANK08,DIST01,Central Financial District,18.92299,72.8079,Residential,2021,1,253
ATM1187,BANK09,DIST04,East Industrial Zone,19.07081,72.88879,Standalone Highway,2022,0,118
ATM1188,BANK06,DIST12,North Suburban Gateway,19.1846,72.87511,Transit Hub,2021,0,479
ATM1189,BANK10,DIST04,East Industrial Zone,19.06659,72.89151,Commercial,2022,0,299
ATM1190,BANK07,DIST01,Central Financial District,18.94647,72.82662,Residential,2022,0,256
ATM1191,BANK08,DIST13,Outer Ring Road East,19.12912,72.92548,Commercial,2023,0,366
ATM1192,BANK08,DIST11,Midtown Retail Strip,18.98381,72.82192,Standalone Highway,2024,1,124
ATM1193,BANK04,DIST05,West Coast Suburban,19.06092,72.8532,Residential,2020,0,335
ATM1194,BANK09,DIST07,Airport Transit Zone,19.08002,72.87621,Transit Hub,2019,1,273
ATM1195,BANK05,DIST02,South Harbor Commercial,18.91834,72.81227,Commercial,2023,1,348
ATM1196,BANK05,DIST08,Railway Terminal Hub,19.03206,72.86227,Commercial,2020,1,377
ATM1197,BANK06,DIST13,Outer Ring Road East,19.10533,72.93555,Standalone Highway,2018,0,137
ATM1198,BANK03,DIST17,Wholesale Market Yard,19.0483,72.86487,Standalone Highway,2021,1,141
ATM1199,BANK03,DIST13,Outer Ring Road East,19.1371,72.94838,Residential,2018,0,336
ATM1200,BANK07,DIST06,Old City Market,18.95856,72.82523,Standalone Highway,2022,1,134
ATM1201,BANK08,DIST17,Wholesale Market Yard,19.03229,72.86004,Commercial,2019,1,365
ATM1202,BANK07,DIST12,North Suburban Gateway,19.17706,72.87014,Transit Hub,2024,1,241
ATM1203,BANK10,DIST15,Port & Logistics Area,18.9482,72.85018,Transit Hub,2018,0,342
ATM1204,BANK10,DIST12,North Suburban Gateway,19.17985,72.86321,Commercial,2018,1,382
ATM1205,BANK06,DIST06,Old City Market,18.95244,72.8356,Residential,2021,1,445
ATM1206,BANK07,DIST01,Central Financial District,18.91392,72.83551,Commercial,2023,1,307
ATM1207,BANK09,DIST01,Central Financial District,18.93063,72.80668,Residential,2019,0,305
ATM1208,BANK08,DIST05,West Coast Suburban,19.07697,72.82544,Residential,2021,1,335
ATM1209,BANK08,DIST13,Outer Ring Road East,19.13846,72.94573,Commercial,2020,1,402
ATM1210,BANK07,DIST07,Airport Transit Zone,19.08841,72.85087,Commercial,2024,0,482
ATM1211,BANK08,DIST20,Highway Bypass Outpost,19.22077,72.86752,Commercial,2022,0,249
ATM1212,BANK09,DIST17,Wholesale Market Yard,19.05233,72.86607,Commercial,2021,1,347
ATM1213,BANK10,DIST17,Wholesale Market Yard,19.04349,72.86867,Standalone Highway,2018,1,139
ATM1214,BANK02,DIST03,North Tech Corridor,19.12955,72.88469,Transit Hub,2019,1,389
ATM1215,BANK08,DIST03,North Tech Corridor,19.1181,72.86061,Transit Hub,2020,1,346
ATM1216,BANK07,DIST01,Central Financial District,18.91503,72.812,Residential,2021,1,395
ATM1217,BANK06,DIST06,Old City Market,18.95348,72.8332,Commercial,2021,1,313
ATM1218,BANK05,DIST12,North Suburban Gateway,19.14741,72.87338,Standalone Highway,2024,0,87
ATM1219,BANK07,DIST15,Port & Logistics Area,18.94471,72.84815,Commercial,2018,1,349
ATM1220,BANK08,DIST12,North Suburban Gateway,19.1626,72.8674,Commercial,2022,1,492
ATM1221,BANK01,DIST06,Old City Market,18.94628,72.83395,Transit Hub,2020,0,269
ATM1222,BANK04,DIST11,Midtown Retail Strip,18.99863,72.84387,Commercial,2024,0,399
ATM1223,BANK01,DIST03,North Tech Corridor,19.11691,72.86012,Residential,2019,0,354
ATM1224,BANK04,DIST13,Outer Ring Road East,19.11724,72.93472,Standalone Highway,2022,0,140
ATM1225,BANK03,DIST06,Old City Market,18.95817,72.8449,Standalone Highway,2021,1,182
ATM1226,BANK02,DIST09,University Campus District,19.06773,72.87327,Commercial,2019,0,366
ATM1227,BANK08,DIST04,East Industrial Zone,19.06042,72.89235,Residential,2024,0,348
ATM1228,BANK06,DIST11,Midtown Retail Strip,19.02771,72.8208,Bank Branch Lobby,2022,1,410
ATM1229,BANK02,DIST20,Highway Bypass Outpost,19.19647,72.87677,Residential,2019,0,329
ATM1230,BANK05,DIST17,Wholesale Market Yard,19.01498,72.87119,Transit Hub,2018,1,419
ATM1231,BANK05,DIST06,Old City Market,18.93806,72.85752,Residential,2021,1,436
ATM1232,BANK07,DIST18,Greenwood Residential,19.05954,72.8004,Residential,2019,0,304
ATM1233,BANK02,DIST19,Lake View Hills,19.13639,72.89495,Residential,2024,0,299
ATM1234,BANK04,DIST13,Outer Ring Road East,19.12975,72.93389,Transit Hub,2024,1,326
ATM1235,BANK05,DIST04,East Industrial Zone,19.07092,72.91145,Transit Hub,2022,0,441
ATM1236,BANK02,DIST03,North Tech Corridor,19.09272,72.87419,Commercial,2022,0,343
ATM1237,BANK01,DIST13,Outer Ring Road East,19.13829,72.9215,Commercial,2021,1,346
ATM1238,BANK06,DIST04,East Industrial Zone,19.07852,72.87356,Standalone Highway,2023,1,127
ATM1239,BANK06,DIST08,Railway Terminal Hub,19.02559,72.8311,Residential,2021,1,322
ATM1240,BANK08,DIST01,Central Financial District,18.92801,72.84126,Transit Hub,2020,1,447
ATM1241,BANK08,DIST17,Wholesale Market Yard,19.03935,72.87558,Standalone Highway,2021,1,112
ATM1242,BANK03,DIST05,West Coast Suburban,19.05204,72.84078,Bank Branch Lobby,2023,0,294
ATM1243,BANK05,DIST01,Central Financial District,18.93063,72.81868,Bank Branch Lobby,2022,0,356
ATM1244,BANK08,DIST01,Central Financial District,18.90822,72.83277,Standalone Highway,2024,1,133
ATM1245,BANK10,DIST08,Railway Terminal Hub,18.99259,72.88305,Residential,2024,1,438
ATM1246,BANK04,DIST04,East Industrial Zone,19.06032,72.90202,Transit Hub,2018,0,297
ATM1247,BANK05,DIST17,Wholesale Market Yard,19.04157,72.84899,Standalone Highway,2019,0,124
ATM1248,BANK08,DIST08,Railway Terminal Hub,19.02218,72.85936,Residential,2023,1,374
ATM1249,BANK07,DIST01,Central Financial District,18.93457,72.83649,Residential,2021,1,401
ATM1250,BANK06,DIST07,Airport Transit Zone,19.07588,72.85634,Residential,2019,1,373
ATM1251,BANK06,DIST20,Highway Bypass Outpost,19.22206,72.86697,Residential,2020,0,479
ATM1252,BANK05,DIST17,Wholesale Market Yard,19.04044,72.83978,Residential,2023,0,275
ATM1253,BANK05,DIST16,Civic Center District,18.94866,72.84262,Transit Hub,2022,0,337
ATM1254,BANK04,DIST10,South Suburban Enclave,18.98151,72.79466,Residential,2023,1,218
ATM1255,BANK07,DIST07,Airport Transit Zone,19.07097,72.86196,Transit Hub,2024,1,481
ATM1256,BANK04,DIST12,North Suburban Gateway,19.18862,72.83411,Standalone Highway,2023,1,99
ATM1257,BANK08,DIST09,University Campus District,19.07055,72.87746,Commercial,2018,0,238
ATM1258,BANK02,DIST11,Midtown Retail Strip,18.98226,72.85994,Residential,2021,1,408
ATM1259,BANK04,DIST16,Civic Center District,18.93697,72.83971,Bank Branch Lobby,2022,0,289
ATM1260,BANK06,DIST08,Railway Terminal Hub,19.01443,72.83735,Commercial,2022,1,271
ATM1261,BANK06,DIST16,Civic Center District,18.91705,72.83976,Residential,2023,0,270
ATM1262,BANK09,DIST07,Airport Transit Zone,19.10089,72.86399,Residential,2023,1,337
ATM1263,BANK08,DIST03,North Tech Corridor,19.13576,72.87237,Commercial,2020,1,222
ATM1264,BANK04,DIST20,Highway Bypass Outpost,19.21529,72.88677,Residential,2019,1,343
ATM1265,BANK06,DIST01,Central Financial District,18.93786,72.83277,Residential,2022,1,353
ATM1266,BANK03,DIST04,East Industrial Zone,19.07329,72.9047,Transit Hub,2023,1,246
ATM1267,BANK08,DIST17,Wholesale Market Yard,19.0317,72.86902,Commercial,2022,1,292
ATM1268,BANK09,DIST17,Wholesale Market Yard,19.04574,72.88183,Commercial,2018,1,283
ATM1269,BANK04,DIST12,North Suburban Gateway,19.20317,72.84625,Commercial,2020,1,400
ATM1270,BANK03,DIST04,East Industrial Zone,19.07777,72.9134,Transit Hub,2023,1,479
ATM1271,BANK09,DIST04,East Industrial Zone,19.09031,72.87848,Transit Hub,2018,1,285
ATM1272,BANK01,DIST08,Railway Terminal Hub,19.03747,72.85952,Bank Branch Lobby,2023,1,438
ATM1273,BANK03,DIST03,North Tech Corridor,19.11723,72.86329,Residential,2024,1,319
ATM1274,BANK08,DIST02,South Harbor Commercial,18.90756,72.81179,Transit Hub,2018,1,293
ATM1275,BANK10,DIST02,South Harbor Commercial,18.90089,72.8254,Standalone Highway,2021,1,127
ATM1276,BANK08,DIST17,Wholesale Market Yard,19.01633,72.86555,Commercial,2018,1,519
ATM1277,BANK05,DIST06,Old City Market,18.96514,72.85686,Residential,2021,0,293
ATM1278,BANK02,DIST11,Midtown Retail Strip,19.00133,72.82011,Transit Hub,2021,0,400
ATM1279,BANK08,DIST02,South Harbor Commercial,18.929,72.82132,Commercial,2023,1,437
ATM1280,BANK01,DIST20,Highway Bypass Outpost,19.21731,72.86359,Commercial,2024,1,237
ATM1281,BANK10,DIST20,Highway Bypass Outpost,19.21088,72.87936,Standalone Highway,2018,0,189
ATM1282,BANK04,DIST02,South Harbor Commercial,18.91472,72.81867,Standalone Highway,2024,1,130
ATM1283,BANK07,DIST15,Port & Logistics Area,18.93215,72.84432,Transit Hub,2024,0,203
ATM1284,BANK10,DIST07,Airport Transit Zone,19.0957,72.89147,Transit Hub,2022,1,259
ATM1285,BANK07,DIST19,Lake View Hills,19.13302,72.90998,Standalone Highway,2021,0,122
ATM1286,BANK05,DIST07,Airport Transit Zone,19.08841,72.87242,Commercial,2021,0,397
ATM1287,BANK05,DIST02,South Harbor Commercial,18.89575,72.82076,Residential,2018,0,352
ATM1288,BANK10,DIST12,North Suburban Gateway,19.17639,72.8584,Standalone Highway,2018,0,125
ATM1289,BANK04,DIST20,Highway Bypass Outpost,19.23958,72.8664,Residential,2020,1,350
ATM1290,BANK02,DIST07,Airport Transit Zone,19.07386,72.86114,Commercial,2019,1,270
ATM1291,BANK09,DIST01,Central Financial District,18.93829,72.83175,Transit Hub,2018,1,355
ATM1292,BANK07,DIST08,Railway Terminal Hub,18.99409,72.8512,Commercial,2022,1,286
ATM1293,BANK08,DIST12,North Suburban Gateway,19.1649,72.86611,Commercial,2019,1,332
ATM1294,BANK05,DIST01,Central Financial District,18.95009,72.82434,Commercial,2023,0,317
ATM1295,BANK08,DIST06,Old City Market,18.96043,72.82596,Commercial,2019,1,362
ATM1296,BANK05,DIST16,Civic Center District,18.94004,72.81659,Residential,2023,0,422
ATM1297,BANK10,DIST09,University Campus District,19.06347,72.87519,Standalone Highway,2019,0,78
ATM1298,BANK07,DIST06,Old City Market,18.9541,72.84799,Residential,2019,1,324
ATM1299,BANK03,DIST15,Port & Logistics Area,18.94464,72.85291,Transit Hub,2024,0,306
ATM1300,BANK03,DIST09,University Campus District,19.0807,72.86577,Transit Hub,2019,1,347
ATM1301,BANK05,DIST08,Railway Terminal Hub,19.00348,72.84732,Commercial,2024,1,336
ATM1302,BANK10,DIST07,Airport Transit Zone,19.11014,72.8551,Residential,2021,0,167
ATM1303,BANK02,DIST18,Greenwood Residential,19.07371,72.80655,Transit Hub,2020,0,404
ATM1304,BANK07,DIST01,Central Financial District,18.92635,72.83004,Residential,2022,0,423
ATM1305,BANK09,DIST13,Outer Ring Road East,19.12832,72.93959,Residential,2018,1,352
ATM1306,BANK10,DIST03,North Tech Corridor,19.10456,72.87076,Residential,2021,1,487
ATM1307,BANK06,DIST01,Central Financial District,18.93504,72.82564,Commercial,2018,0,242
ATM1308,BANK02,DIST06,Old City Market,18.94514,72.84166,Commercial,2023,1,442
ATM1309,BANK10,DIST03,North Tech Corridor,19.11699,72.86121,Residential,2018,1,429
ATM1310,BANK05,DIST12,North Suburban Gateway,19.16742,72.84607,Commercial,2024,0,309
ATM1311,BANK03,DIST12,North Suburban Gateway,19.1842,72.8758,Transit Hub,2023,1,298
ATM1312,BANK08,DIST20,Highway Bypass Outpost,19.22113,72.88747,Residential,2019,0,493
ATM1313,BANK10,DIST16,Civic Center District,18.92976,72.83931,Commercial,2024,0,266
ATM1314,BANK08,DIST08,Railway Terminal Hub,18.9942,72.85475,Commercial,2021,0,361
ATM1315,BANK06,DIST03,North Tech Corridor,19.11613,72.86773,Residential,2020,1,418
ATM1316,BANK02,DIST17,Wholesale Market Yard,19.028,72.87005,Transit Hub,2020,0,284
ATM1317,BANK07,DIST17,Wholesale Market Yard,19.04566,72.86881,Residential,2020,0,364
ATM1318,BANK07,DIST20,Highway Bypass Outpost,19.19444,72.86887,Residential,2022,0,343
ATM1319,BANK01,DIST17,Wholesale Market Yard,19.03537,72.8421,Standalone Highway,2020,1,129
ATM1320,BANK05,DIST11,Midtown Retail Strip,19.02243,72.80921,Residential,2024,1,356
ATM1321,BANK07,DIST13,Outer Ring Road East,19.12894,72.9408,Residential,2024,0,338
ATM1322,BANK01,DIST01,Central Financial District,18.91751,72.84104,Bank Branch Lobby,2022,0,275
ATM1323,BANK08,DIST02,South Harbor Commercial,18.92546,72.81993,Commercial,2019,1,483
ATM1324,BANK09,DIST12,North Suburban Gateway,19.18124,72.85492,Residential,2024,1,261
ATM1325,BANK08,DIST11,Midtown Retail Strip,18.9846,72.81872,Commercial,2024,0,407
ATM1326,BANK01,DIST20,Highway Bypass Outpost,19.20553,72.86019,Residential,2022,1,182
ATM1327,BANK03,DIST17,Wholesale Market Yard,19.01461,72.87749,Transit Hub,2021,0,227
ATM1328,BANK08,DIST15,Port & Logistics Area,18.96015,72.85717,Transit Hub,2023,1,283
ATM1329,BANK10,DIST12,North Suburban Gateway,19.17802,72.85284,Residential,2023,0,514
ATM1330,BANK03,DIST13,Outer Ring Road East,19.1395,72.9225,Standalone Highway,2018,1,144
ATM1331,BANK09,DIST08,Railway Terminal Hub,19.03119,72.84001,Residential,2019,1,357
ATM1332,BANK02,DIST08,Railway Terminal Hub,19.03553,72.84262,Transit Hub,2018,1,279
ATM1333,BANK03,DIST02,South Harbor Commercial,18.91576,72.80861,Residential,2023,0,268
ATM1334,BANK05,DIST12,North Suburban Gateway,19.19875,72.8569,Transit Hub,2020,0,370
ATM1335,BANK07,DIST17,Wholesale Market Yard,19.04938,72.83675,Residential,2021,0,310
ATM1336,BANK04,DIST06,Old City Market,18.94336,72.82717,Transit Hub,2019,1,411
ATM1337,BANK07,DIST06,Old City Market,18.9692,72.83116,Standalone Highway,2022,1,135
ATM1338,BANK09,DIST08,Railway Terminal Hub,19.01141,72.83446,Commercial,2019,1,345
ATM1339,BANK02,DIST14,Outer Ring Road West,19.12054,72.82307,Residential,2024,1,301
ATM1340,BANK07,DIST12,North Suburban Gateway,19.18213,72.86584,Residential,2024,1,304
ATM1341,BANK09,DIST20,Highway Bypass Outpost,19.19828,72.85929,Commercial,2018,1,331
ATM1342,BANK05,DIST05,West Coast Suburban,19.05881,72.83655,Residential,2024,0,475
ATM1343,BANK10,DIST01,Central Financial District,18.92589,72.83093,Commercial,2023,1,156
ATM1344,BANK08,DIST06,Old City Market,18.96741,72.83646,Residential,2021,0,356
ATM1345,BANK09,DIST20,Highway Bypass Outpost,19.20869,72.86275,Commercial,2020,1,413
ATM1346,BANK09,DIST04,East Industrial Zone,19.05775,72.8827,Bank Branch Lobby,2021,0,543
ATM1347,BANK08,DIST12,North Suburban Gateway,19.1668,72.85732,Commercial,2024,0,291
ATM1348,BANK04,DIST17,Wholesale Market Yard,19.02528,72.87221,Commercial,2019,0,563
ATM1349,BANK10,DIST17,Wholesale Market Yard,19.03145,72.86183,Residential,2024,1,283
ATM1350,BANK07,DIST08,Railway Terminal Hub,19.01883,72.8326,Bank Branch Lobby,2023,1,345
ATM1351,BANK08,DIST17,Wholesale Market Yard,19.02962,72.88412,Transit Hub,2024,0,399
ATM1352,BANK07,DIST01,Central Financial District,18.95689,72.84787,Transit Hub,2023,1,354
ATM1353,BANK03,DIST01,Central Financial District,18.92466,72.83833,Commercial,2018,1,311
ATM1354,BANK03,DIST15,Port & Logistics Area,18.93356,72.83765,Standalone Highway,2022,1,122
ATM1355,BANK06,DIST17,Wholesale Market Yard,19.03067,72.86614,Transit Hub,2024,0,420
ATM1356,BANK08,DIST10,South Suburban Enclave,18.97907,72.79832,Residential,2021,1,349
ATM1357,BANK01,DIST17,Wholesale Market Yard,19.05071,72.85318,Bank Branch Lobby,2021,0,359
ATM1358,BANK03,DIST06,Old City Market,18.93954,72.83785,Residential,2024,1,459
ATM1359,BANK05,DIST16,Civic Center District,18.94918,72.8327,Transit Hub,2023,0,388
ATM1360,BANK07,DIST15,Port & Logistics Area,18.93484,72.86501,Bank Branch Lobby,2024,0,315
ATM1361,BANK06,DIST05,West Coast Suburban,19.04784,72.83401,Standalone Highway,2024,0,91
ATM1362,BANK09,DIST08,Railway Terminal Hub,19.02288,72.83897,Standalone Highway,2020,1,126
ATM1363,BANK08,DIST16,Civic Center District,18.94626,72.83507,Transit Hub,2018,0,265
ATM1364,BANK10,DIST17,Wholesale Market Yard,19.04014,72.84573,Commercial,2023,1,329
ATM1365,BANK05,DIST11,Midtown Retail Strip,19.02352,72.83469,Standalone Highway,2023,0,125
ATM1366,BANK02,DIST03,North Tech Corridor,19.10936,72.87295,Transit Hub,2018,1,374
ATM1367,BANK02,DIST13,Outer Ring Road East,19.12136,72.90654,Standalone Highway,2023,1,56
ATM1368,BANK05,DIST08,Railway Terminal Hub,19.01051,72.84182,Commercial,2018,0,429
ATM1369,BANK06,DIST13,Outer Ring Road East,19.11822,72.92507,Commercial,2020,0,479
ATM1370,BANK06,DIST13,Outer Ring Road East,19.12113,72.91178,Standalone Highway,2019,1,157
ATM1371,BANK04,DIST08,Railway Terminal Hub,19.01826,72.84943,Commercial,2022,1,255
ATM1372,BANK03,DIST13,Outer Ring Road East,19.13925,72.92518,Standalone Highway,2018,1,135
ATM1373,BANK10,DIST05,West Coast Suburban,19.07091,72.85235,Transit Hub,2022,0,269
ATM1374,BANK04,DIST01,Central Financial District,18.92407,72.84344,Bank Branch Lobby,2022,1,244
ATM1375,BANK03,DIST17,Wholesale Market Yard,19.04368,72.86801,Residential,2023,1,382
ATM1376,BANK05,DIST13,Outer Ring Road East,19.1221,72.9184,Transit Hub,2023,1,362
ATM1377,BANK01,DIST08,Railway Terminal Hub,19.01949,72.86101,Transit Hub,2021,0,307
ATM1378,BANK05,DIST14,Outer Ring Road West,19.15391,72.82234,Standalone Highway,2019,0,132
ATM1379,BANK02,DIST06,Old City Market,18.95915,72.8373,Standalone Highway,2020,1,91
ATM1380,BANK10,DIST17,Wholesale Market Yard,19.04803,72.86791,Commercial,2021,1,319
ATM1381,BANK05,DIST13,Outer Ring Road East,19.11407,72.9311,Commercial,2020,1,348
ATM1382,BANK04,DIST06,Old City Market,18.95316,72.81422,Commercial,2024,0,412
ATM1383,BANK08,DIST14,Outer Ring Road West,19.16014,72.83579,Residential,2021,1,341
ATM1384,BANK10,DIST15,Port & Logistics Area,18.94297,72.856,Bank Branch Lobby,2020,1,312
ATM1385,BANK05,DIST17,Wholesale Market Yard,19.02619,72.86043,Standalone Highway,2024,1,92
ATM1386,BANK07,DIST02,South Harbor Commercial,18.91286,72.82818,Standalone Highway,2022,1,139
ATM1387,BANK01,DIST17,Wholesale Market Yard,19.04284,72.89225,Transit Hub,2023,0,297
ATM1388,BANK08,DIST15,Port & Logistics Area,18.92303,72.86563,Transit Hub,2020,0,368
ATM1389,BANK04,DIST12,North Suburban Gateway,19.19116,72.88209,Residential,2020,0,356
ATM1390,BANK04,DIST02,South Harbor Commercial,18.89078,72.82192,Residential,2022,0,157
ATM1391,BANK05,DIST20,Highway Bypass Outpost,19.22775,72.87733,Transit Hub,2023,1,300
ATM1392,BANK03,DIST05,West Coast Suburban,19.05674,72.83492,Commercial,2023,0,173
ATM1393,BANK01,DIST03,North Tech Corridor,19.11096,72.84489,Commercial,2021,1,229
ATM1394,BANK01,DIST04,East Industrial Zone,19.08192,72.89624,Commercial,2023,0,350
ATM1395,BANK03,DIST04,East Industrial Zone,19.08581,72.89177,Residential,2020,1,199
ATM1396,BANK06,DIST20,Highway Bypass Outpost,19.21138,72.86065,Residential,2019,0,334
ATM1397,BANK04,DIST02,South Harbor Commercial,18.91124,72.79905,Standalone Highway,2022,1,177
ATM1398,BANK06,DIST20,Highway Bypass Outpost,19.20927,72.86521,Transit Hub,2020,1,297
ATM1399,BANK03,DIST07,Airport Transit Zone,19.09958,72.86342,Residential,2024,1,223
ATM1400,BANK08,DIST17,Wholesale Market Yard,19.04574,72.86174,Residential,2020,0,300
ATM1401,BANK06,DIST03,North Tech Corridor,19.10361,72.84319,Transit Hub,2021,0,333
ATM1402,BANK02,DIST14,Outer Ring Road West,19.14315,72.83114,Residential,2019,1,336
ATM1403,BANK07,DIST13,Outer Ring Road East,19.13911,72.90919,Commercial,2024,0,406
ATM1404,BANK09,DIST12,North Suburban Gateway,19.1793,72.86568,Commercial,2024,1,400
ATM1405,BANK07,DIST19,Lake View Hills,19.1307,72.90106,Commercial,2022,1,347
ATM1406,BANK02,DIST06,Old City Market,18.9543,72.86564,Commercial,2023,1,311
ATM1407,BANK05,DIST03,North Tech Corridor,19.09009,72.87849,Residential,2024,1,427
ATM1408,BANK06,DIST13,Outer Ring Road East,19.13013,72.95208,Commercial,2019,1,290
ATM1409,BANK08,DIST06,Old City Market,18.95361,72.8507,Residential,2022,1,373
ATM1410,BANK06,DIST19,Lake View Hills,19.13312,72.88817,Residential,2019,0,294
ATM1411,BANK02,DIST07,Airport Transit Zone,19.10863,72.87495,Residential,2021,0,262
ATM1412,BANK05,DIST08,Railway Terminal Hub,19.01287,72.83623,Commercial,2018,1,315
ATM1413,BANK03,DIST12,North Suburban Gateway,19.15955,72.87566,Commercial,2018,1,215
ATM1414,BANK05,DIST13,Outer Ring Road East,19.11533,72.91045,Commercial,2018,0,451
ATM1415,BANK02,DIST20,Highway Bypass Outpost,19.2327,72.86445,Commercial,2022,1,312
ATM1416,BANK03,DIST08,Railway Terminal Hub,19.01763,72.84657,Commercial,2020,1,382
ATM1417,BANK09,DIST01,Central Financial District,18.91902,72.82676,Commercial,2023,1,329
ATM1418,BANK03,DIST06,Old City Market,18.97598,72.83238,Standalone Highway,2023,0,126
ATM1419,BANK02,DIST12,North Suburban Gateway,19.15802,72.84326,Commercial,2022,0,254
ATM1420,BANK07,DIST11,Midtown Retail Strip,19.00372,72.85087,Standalone Highway,2020,0,127
ATM1421,BANK01,DIST08,Railway Terminal Hub,19.00504,72.83732,Commercial,2019,1,336
ATM1422,BANK08,DIST05,West Coast Suburban,19.04873,72.84093,Commercial,2019,0,389
ATM1423,BANK06,DIST11,Midtown Retail Strip,18.99994,72.8187,Residential,2023,1,147
ATM1424,BANK06,DIST20,Highway Bypass Outpost,19.20657,72.8735,Residential,2023,1,421
ATM1425,BANK06,DIST12,North Suburban Gateway,19.17113,72.84579,Commercial,2020,1,561
ATM1426,BANK04,DIST04,East Industrial Zone,19.05476,72.90189,Standalone Highway,2024,0,173
ATM1427,BANK08,DIST03,North Tech Corridor,19.10926,72.87306,Residential,2019,1,399
ATM1428,BANK10,DIST20,Highway Bypass Outpost,19.20556,72.8685,Bank Branch Lobby,2018,0,256
ATM1429,BANK06,DIST08,Railway Terminal Hub,19.02086,72.86035,Transit Hub,2019,1,277
ATM1430,BANK10,DIST15,Port & Logistics Area,18.93715,72.85789,Transit Hub,2024,1,156
ATM1431,BANK09,DIST11,Midtown Retail Strip,19.01633,72.82796,Residential,2019,1,394
ATM1432,BANK04,DIST04,East Industrial Zone,19.07387,72.91269,Standalone Highway,2019,1,113
ATM1433,BANK10,DIST01,Central Financial District,18.93058,72.84314,Transit Hub,2024,1,402
ATM1434,BANK03,DIST01,Central Financial District,18.93454,72.85458,Residential,2022,0,330
ATM1435,BANK05,DIST13,Outer Ring Road East,19.12008,72.92104,Transit Hub,2018,0,299
ATM1436,BANK01,DIST04,East Industrial Zone,19.08315,72.89227,Commercial,2020,1,418
ATM1437,BANK04,DIST14,Outer Ring Road West,19.16118,72.83359,Commercial,2018,0,414
ATM1438,BANK03,DIST13,Outer Ring Road East,19.13405,72.93701,Residential,2019,1,385
ATM1439,BANK07,DIST02,South Harbor Commercial,18.90016,72.82471,Transit Hub,2023,0,295
ATM1440,BANK02,DIST06,Old City Market,18.95507,72.83478,Bank Branch Lobby,2024,1,339
ATM1441,BANK06,DIST02,South Harbor Commercial,18.91036,72.8323,Commercial,2018,0,350
ATM1442,BANK08,DIST15,Port & Logistics Area,18.93519,72.85285,Commercial,2022,0,356
ATM1443,BANK01,DIST07,Airport Transit Zone,19.07762,72.85644,Commercial,2024,0,416
ATM1444,BANK09,DIST06,Old City Market,18.95447,72.81501,Residential,2023,1,339
ATM1445,BANK01,DIST20,Highway Bypass Outpost,19.19016,72.88444,Residential,2021,1,108
ATM1446,BANK07,DIST11,Midtown Retail Strip,19.00421,72.82421,Residential,2018,0,365
ATM1447,BANK08,DIST04,East Industrial Zone,19.08292,72.90541,Standalone Highway,2021,1,151
ATM1448,BANK02,DIST03,North Tech Corridor,19.14672,72.86083,Transit Hub,2020,0,421
ATM1449,BANK10,DIST06,Old City Market,18.96082,72.82213,Commercial,2019,1,284
ATM1450,BANK05,DIST01,Central Financial District,18.94565,72.82359,Commercial,2022,0,351
ATM1451,BANK09,DIST13,Outer Ring Road East,19.1147,72.94351,Commercial,2021,0,242
ATM1452,BANK10,DIST17,Wholesale Market Yard,19.02517,72.87233,Standalone Highway,2021,1,100
ATM1453,BANK09,DIST08,Railway Terminal Hub,19.01508,72.85687,Bank Branch Lobby,2018,1,371
ATM1454,BANK02,DIST08,Railway Terminal Hub,19.01081,72.86663,Residential,2023,0,243
ATM1455,BANK09,DIST01,Central Financial District,18.93847,72.8213,Residential,2019,0,357
ATM1456,BANK07,DIST06,Old City Market,18.95917,72.83594,Residential,2019,1,327
ATM1457,BANK07,DIST01,Central Financial District,18.9371,72.8296,Transit Hub,2021,1,234
ATM1458,BANK07,DIST04,East Industrial Zone,19.04525,72.88185,Commercial,2018,1,236
ATM1459,BANK06,DIST15,Port & Logistics Area,18.95982,72.85116,Standalone Highway,2023,1,138
ATM1460,BANK05,DIST08,Railway Terminal Hub,19.00413,72.84452,Residential,2019,1,379
ATM1461,BANK08,DIST12,North Suburban Gateway,19.1676,72.85608,Residential,2024,1,280
ATM1462,BANK02,DIST12,North Suburban Gateway,19.19001,72.87968,Commercial,2018,1,289
ATM1463,BANK06,DIST18,Greenwood Residential,19.04946,72.80305,Commercial,2022,0,353
ATM1464,BANK01,DIST05,West Coast Suburban,19.04237,72.8219,Commercial,2022,0,259
ATM1465,BANK09,DIST03,North Tech Corridor,19.11098,72.83803,Transit Hub,2018,1,543
ATM1466,BANK07,DIST01,Central Financial District,18.94162,72.83756,Transit Hub,2023,1,346
ATM1467,BANK07,DIST13,Outer Ring Road East,19.13764,72.92132,Residential,2023,0,385
ATM1468,BANK01,DIST03,North Tech Corridor,19.11384,72.86685,Commercial,2022,0,365
ATM1469,BANK05,DIST01,Central Financial District,18.94397,72.82219,Transit Hub,2022,1,250
ATM1470,BANK09,DIST01,Central Financial District,18.91459,72.84296,Bank Branch Lobby,2023,1,241
ATM1471,BANK08,DIST17,Wholesale Market Yard,19.04304,72.86812,Transit Hub,2018,1,221
ATM1472,BANK06,DIST02,South Harbor Commercial,18.90006,72.81608,Transit Hub,2020,0,286
ATM1473,BANK02,DIST14,Outer Ring Road West,19.14666,72.82451,Bank Branch Lobby,2022,0,351
ATM1474,BANK04,DIST20,Highway Bypass Outpost,19.21277,72.86753,Commercial,2024,0,297
ATM1475,BANK09,DIST04,East Industrial Zone,19.07687,72.88677,Residential,2024,0,261
ATM1476,BANK10,DIST16,Civic Center District,18.94296,72.81942,Residential,2023,0,476
ATM1477,BANK09,DIST05,West Coast Suburban,19.06206,72.83736,Commercial,2023,1,428
ATM1478,BANK05,DIST13,Outer Ring Road East,19.12409,72.91693,Bank Branch Lobby,2020,1,337
ATM1479,BANK05,DIST09,University Campus District,19.07605,72.85818,Residential,2020,0,334
ATM1480,BANK01,DIST16,Civic Center District,18.93571,72.86125,Transit Hub,2019,0,198
ATM1481,BANK10,DIST01,Central Financial District,18.92979,72.81631,Commercial,2018,0,315
ATM1482,BANK03,DIST20,Highway Bypass Outpost,19.21706,72.87058,Commercial,2018,0,376
ATM1483,BANK02,DIST08,Railway Terminal Hub,19.0092,72.84968,Residential,2019,1,384
ATM1484,BANK07,DIST15,Port & Logistics Area,18.94523,72.85398,Residential,2020,0,250
ATM1485,BANK03,DIST04,East Industrial Zone,19.08951,72.9128,Commercial,2023,1,468
ATM1486,BANK06,DIST08,Railway Terminal Hub,19.02207,72.85522,Commercial,2022,0,333
ATM1487,BANK10,DIST12,North Suburban Gateway,19.16815,72.84809,Standalone Highway,2018,1,105
ATM1488,BANK03,DIST08,Railway Terminal Hub,19.02099,72.84756,Residential,2022,1,311
ATM1489,BANK01,DIST03,North Tech Corridor,19.1045,72.8509,Bank Branch Lobby,2020,1,298
ATM1490,BANK08,DIST07,Airport Transit Zone,19.10546,72.86857,Bank Branch Lobby,2021,0,362
ATM1491,BANK10,DIST11,Midtown Retail Strip,19.0163,72.82489,Commercial,2020,0,192
ATM1492,BANK04,DIST13,Outer Ring Road East,19.13571,72.92148,Bank Branch Lobby,2018,0,302
ATM1493,BANK06,DIST02,South Harbor Commercial,18.89168,72.82539,Commercial,2020,1,317
ATM1494,BANK10,DIST20,Highway Bypass Outpost,19.21824,72.85152,Residential,2023,1,508
ATM1495,BANK05,DIST09,University Campus District,19.06634,72.88919,Transit Hub,2021,1,334
ATM1496,BANK10,DIST15,Port & Logistics Area,18.95606,72.85067,Commercial,2019,1,72
ATM1497,BANK05,DIST11,Midtown Retail Strip,18.99539,72.81969,Standalone Highway,2024,0,41
ATM1498,BANK03,DIST16,Civic Center District,18.94239,72.82926,Residential,2020,0,426
ATM1499,BANK06,DIST15,Port & Logistics Area,18.93357,72.86007,Standalone Highway,2021,1,66
ATM1500,BANK07,DIST08,Railway Terminal Hub,19.02164,72.85608,Commercial,2021,1,145
