atm_id,atm_code,bank_id,district_id,latitude,longitude,district,area,atm_type,is_active
ATM0001,ATM-SBI-001,BANK002,DIST006,28.679441,77.452595,Ghaziabad,Raj Nagar,OFFSITE,True
ATM0002,ATM-PNB-001,BANK004,DIST001,25.310395,83.013053,Varanasi,Godowlia,ONSITE,True
ATM0003,ATM-SBI-002,BANK002,DIST001,25.362096,82.959374,Varanasi,Shivpur,OFFSITE,True
ATM0004,ATM-INDUS-001,BANK010,DIST005,28.556937,77.326752,Noida (Gautam Buddha Nagar),Sector 18,OFFSITE,True
ATM0005,ATM-SBI-003,BANK002,DIST010,27.90986,78.071288,Aligarh,Civil Lines,OFFSITE,True
ATM0006,ATM-INDUS-002,BANK010,DIST007,27.151853,78.011989,Agra,Cantt Agra,OFFSITE,True
ATM0007,ATM-UBI-001,BANK009,DIST010,27.912611,78.072423,Aligarh,Civil Lines,OFFSITE,True
ATM0008,ATM-INDUS-003,BANK010,DIST001,25.315999,82.989737,Varanasi,Sigra,OFFSITE,True
ATM0009,ATM-ICICI-001,BANK003,DIST012,26.752892,83.370191,Gorakhpur,Golghar,OFFSITE,True
ATM0010,ATM-AXIS-001,BANK005,DIST001,25.307853,83.009947,Varanasi,Godowlia,ONSITE,True
ATM0011,ATM-SBI-004,BANK002,DIST005,28.485892,77.516968,Noida (Gautam Buddha Nagar),Greater Noida Alpha,OFFSITE,True
ATM0012,ATM-BOB-001,BANK006,DIST019,25.149093,82.575409,Mirzapur,Dankeen Ganj,ONSITE,True
ATM0013,ATM-AXIS-002,BANK005,DIST002,26.825955,80.913084,Lucknow,Charbagh,OFFSITE,True
ATM0014,ATM-UBI-002,BANK009,DIST015,27.465267,77.630597,Mathura,Highway Mathura,OFFSITE,True
ATM0015,ATM-SBI-005,BANK002,DIST002,26.885911,80.989439,Lucknow,Indira Nagar,ONSITE,True
ATM0016,ATM-INDUS-004,BANK010,DIST014,25.457964,78.574883,Jhansi,Nawabad,OFFSITE,True
ATM0017,ATM-HDFC-001,BANK001,DIST016,29.471459,77.707498,Muzaffarnagar,Civil Lines,OFFSITE,True
ATM0018,ATM-SBI-006,BANK002,DIST005,28.477899,77.506509,Noida (Gautam Buddha Nagar),Greater Noida Alpha,OFFSITE,True
ATM0019,ATM-KOTAK-001,BANK007,DIST017,29.962811,77.541621,Saharanpur,Court Road,ONSITE,True
ATM0020,ATM-ICICI-002,BANK003,DIST014,25.466477,78.579691,Jhansi,Nawabad,OFFSITE,True
ATM0021,ATM-AXIS-003,BANK005,DIST008,28.970007,77.730696,Meerut,Shastri Nagar,OFFSITE,True
ATM0022,ATM-SBI-007,BANK002,DIST001,25.357906,82.967212,Varanasi,Shivpur,OFFSITE,True
ATM0023,ATM-UBI-003,BANK009,DIST017,29.965328,77.534525,Saharanpur,Court Road,ONSITE,True
ATM0024,ATM-CANARA-001,BANK008,DIST004,25.459939,81.856866,Prayagraj,Katra,OFFSITE,True
ATM0025,ATM-BOB-002,BANK006,DIST018,27.157507,78.403791,Firozabad,Station Road,ONSITE,True
ATM0026,ATM-PNB-002,BANK004,DIST015,27.505859,77.668878,Mathura,Krishna Nagar,ONSITE,True
ATM0027,ATM-KOTAK-002,BANK007,DIST005,28.470717,77.509161,Noida (Gautam Buddha Nagar),Greater Noida Alpha,OFFSITE,True
ATM0028,ATM-INDUS-005,BANK010,DIST015,27.485724,77.669728,Mathura,Krishna Nagar,OFFSITE,True
ATM0029,ATM-PNB-003,BANK004,DIST002,26.810265,80.90717,Lucknow,Alambagh,OFFSITE,True
ATM0030,ATM-CANARA-002,BANK008,DIST008,28.990285,77.70902,Meerut,Begum Bridge,ONSITE,True
ATM0031,ATM-PNB-004,BANK004,DIST019,25.147907,82.562632,Mirzapur,Dankeen Ganj,OFFSITE,True
ATM0032,ATM-INDUS-006,BANK010,DIST005,28.472512,77.508837,Noida (Gautam Buddha Nagar),Greater Noida Alpha,OFFSITE,True
ATM0033,ATM-KOTAK-003,BANK007,DIST001,25.299389,82.990705,Varanasi,Bhelupur,OFFSITE,True
ATM0034,ATM-UBI-004,BANK009,DIST002,26.859699,80.997963,Lucknow,Gomti Nagar,OFFSITE,True
ATM0035,ATM-SBI-008,BANK002,DIST012,26.754123,83.374866,Gorakhpur,Golghar,ONSITE,True
ATM0036,ATM-KOTAK-004,BANK007,DIST006,28.650026,77.377962,Ghaziabad,Indirapuram,OFFSITE,True
ATM0037,ATM-KOTAK-005,BANK007,DIST002,26.880533,80.989616,Lucknow,Indira Nagar,OFFSITE,True
ATM0038,ATM-UBI-005,BANK009,DIST001,25.327533,82.989368,Varanasi,Sigra,OFFSITE,True
ATM0039,ATM-SBI-009,BANK002,DIST008,28.975245,77.724886,Meerut,Shastri Nagar,OFFSITE,True
ATM0040,ATM-BOB-003,BANK006,DIST012,26.795103,83.394195,Gorakhpur,Medical College Road,OFFSITE,True
ATM0041,ATM-ICICI-003,BANK003,DIST005,28.511216,77.410781,Noida (Gautam Buddha Nagar),Sector 137,ONSITE,True
ATM0042,ATM-UBI-006,BANK009,DIST015,27.478819,77.647696,Mathura,Highway Mathura,OFFSITE,True
ATM0043,ATM-SBI-010,BANK002,DIST002,26.8238,80.926954,Lucknow,Charbagh,OFFSITE,True
ATM0044,ATM-UBI-007,BANK009,DIST013,26.798088,82.208085,Ayodhya (Faizabad),Naya Ghat,OFFSITE,True
ATM0045,ATM-BOB-004,BANK006,DIST003,26.436131,80.316237,Kanpur Nagar,Govind Nagar,OFFSITE,True
ATM0046,ATM-UBI-008,BANK009,DIST002,26.831874,80.914916,Lucknow,Charbagh,ONSITE,True
ATM0047,ATM-CANARA-003,BANK008,DIST011,28.815673,78.736228,Moradabad,Majhola,OFFSITE,True
ATM0048,ATM-AXIS-004,BANK005,DIST005,28.47585,77.517342,Noida (Gautam Buddha Nagar),Greater Noida Alpha,ONSITE,True
ATM0049,ATM-INDUS-007,BANK010,DIST011,28.840662,78.761729,Moradabad,Civil Lines,OFFSITE,True
ATM0050,ATM-CANARA-004,BANK008,DIST004,25.456393,81.832802,Prayagraj,Civil Lines,OFFSITE,True
ATM0051,ATM-ICICI-004,BANK003,DIST015,27.512672,77.668469,Mathura,Krishna Nagar,OFFSITE,True
ATM0052,ATM-AXIS-005,BANK005,DIST003,26.430185,80.316886,Kanpur Nagar,Govind Nagar,OFFSITE,True
ATM0053,ATM-PNB-005,BANK004,DIST011,28.811379,78.744702,Moradabad,Majhola,ONSITE,True
ATM0054,ATM-AXIS-006,BANK005,DIST019,25.145738,82.574885,Mirzapur,Dankeen Ganj,OFFSITE,True
ATM0055,ATM-CANARA-005,BANK008,DIST016,29.45737,77.718435,Muzaffarnagar,New Mandi,OFFSITE,True
ATM0056,ATM-SBI-011,BANK002,DIST018,27.17115,78.420815,Firozabad,Suhag Nagar,OFFSITE,True
ATM0057,ATM-BOB-005,BANK006,DIST010,27.917287,78.075257,Aligarh,Civil Lines,ONSITE,True
ATM0058,ATM-INDUS-008,BANK010,DIST012,26.753205,83.37791,Gorakhpur,Golghar,OFFSITE,True
ATM0059,ATM-HDFC-002,BANK001,DIST015,27.500522,77.669286,Mathura,Krishna Nagar,ONSITE,True
ATM0060,ATM-BOB-006,BANK006,DIST008,28.979187,77.731037,Meerut,Shastri Nagar,OFFSITE,True
ATM0061,ATM-AXIS-007,BANK005,DIST012,26.759161,83.371881,Gorakhpur,Golghar,OFFSITE,True
ATM0062,ATM-UBI-009,BANK009,DIST006,28.643825,77.36672,Ghaziabad,Indirapuram,OFFSITE,True
ATM0063,ATM-INDUS-009,BANK010,DIST007,27.146058,78.010787,Agra,Cantt Agra,OFFSITE,True
ATM0064,ATM-CANARA-006,BANK008,DIST001,25.367534,83.021326,Varanasi,Sarnath,OFFSITE,True
ATM0065,ATM-SBI-012,BANK002,DIST014,25.437748,78.554646,Jhansi,Sadar Bazar,OFFSITE,True
ATM0066,ATM-BOB-007,BANK006,DIST001,25.330945,82.994217,Varanasi,Sigra,OFFSITE,True
ATM0067,ATM-HDFC-003,BANK001,DIST013,26.795076,82.20421,Ayodhya (Faizabad),Naya Ghat,OFFSITE,True
ATM0068,ATM-HDFC-004,BANK001,DIST015,27.496778,77.659654,Mathura,Krishna Nagar,OFFSITE,True
ATM0069,ATM-SBI-013,BANK002,DIST001,25.305141,83.016307,Varanasi,Godowlia,OFFSITE,True
ATM0070,ATM-UBI-010,BANK009,DIST003,26.436589,80.303939,Kanpur Nagar,Govind Nagar,ONSITE,True
ATM0071,ATM-ICICI-005,BANK003,DIST011,28.813886,78.749257,Moradabad,Majhola,OFFSITE,True
ATM0072,ATM-SBI-014,BANK002,DIST006,28.639346,77.3646,Ghaziabad,Indirapuram,ONSITE,True
ATM0073,ATM-UBI-011,BANK009,DIST001,25.370813,83.03236,Varanasi,Sarnath,OFFSITE,True
ATM0074,ATM-SBI-015,BANK002,DIST008,28.965525,77.730474,Meerut,Shastri Nagar,OFFSITE,True
ATM0075,ATM-ICICI-006,BANK003,DIST006,28.650715,77.377616,Ghaziabad,Indirapuram,OFFSITE,True
ATM0076,ATM-PNB-006,BANK004,DIST006,28.648293,77.35274,Ghaziabad,Vaishali,ONSITE,True
ATM0077,ATM-ICICI-007,BANK003,DIST011,28.843988,78.761304,Moradabad,Civil Lines,OFFSITE,True
ATM0078,ATM-AXIS-008,BANK005,DIST018,27.158513,78.418403,Firozabad,Suhag Nagar,OFFSITE,True
ATM0079,ATM-AXIS-009,BANK005,DIST007,27.202434,78.003355,Agra,Sanjay Place,OFFSITE,True
ATM0080,ATM-ICICI-008,BANK003,DIST019,25.159568,82.503038,Mirzapur,Vindhyachal,OFFSITE,True
ATM0081,ATM-HDFC-005,BANK001,DIST016,29.475889,77.700223,Muzaffarnagar,Civil Lines,ONSITE,True
ATM0082,ATM-BOB-008,BANK006,DIST011,28.84681,78.763907,Moradabad,Civil Lines,ONSITE,True
ATM0083,ATM-UBI-012,BANK009,DIST005,28.515759,77.404449,Noida (Gautam Buddha Nagar),Sector 137,ONSITE,True
ATM0084,ATM-HDFC-006,BANK001,DIST020,25.726062,82.671897,Jaunpur,Line Bazar,ONSITE,False
ATM0085,ATM-ICICI-009,BANK003,DIST005,28.577764,77.319802,Noida (Gautam Buddha Nagar),Sector 18,ONSITE,True
ATM0086,ATM-PNB-007,BANK004,DIST002,26.852061,80.947655,Lucknow,Hazratganj,ONSITE,True
ATM0087,ATM-INDUS-010,BANK010,DIST005,28.619804,77.36927,Noida (Gautam Buddha Nagar),Sector 62,OFFSITE,True
ATM0088,ATM-KOTAK-006,BANK007,DIST017,29.966645,77.538935,Saharanpur,Court Road,ONSITE,True
ATM0089,ATM-AXIS-010,BANK005,DIST019,25.171562,82.507326,Mirzapur,Vindhyachal,OFFSITE,True
ATM0090,ATM-PNB-008,BANK004,DIST005,28.478025,77.505017,Noida (Gautam Buddha Nagar),Greater Noida Alpha,ONSITE,True
ATM0091,ATM-AXIS-011,BANK005,DIST014,25.431504,78.560956,Jhansi,Sadar Bazar,OFFSITE,True
ATM0092,ATM-HDFC-007,BANK001,DIST007,27.160455,78.045019,Agra,Tajganj,OFFSITE,True
ATM0093,ATM-SBI-016,BANK002,DIST002,26.834069,80.927789,Lucknow,Charbagh,OFFSITE,True
ATM0094,ATM-UBI-013,BANK009,DIST002,26.855833,80.999019,Lucknow,Gomti Nagar,ONSITE,True
ATM0095,ATM-SBI-017,BANK002,DIST012,26.797772,83.392613,Gorakhpur,Medical College Road,ONSITE,True
ATM0096,ATM-AXIS-012,BANK005,DIST020,25.751679,82.698801,Jaunpur,Shahganj Road,OFFSITE,True
ATM0097,ATM-INDUS-011,BANK010,DIST014,25.448815,78.58585,Jhansi,Nawabad,ONSITE,False
ATM0098,ATM-HDFC-008,BANK001,DIST002,26.829488,80.920977,Lucknow,Charbagh,OFFSITE,True
ATM0099,ATM-AXIS-013,BANK005,DIST001,25.303356,82.995854,Varanasi,Bhelupur,OFFSITE,True
ATM0100,ATM-ICICI-010,BANK003,DIST019,25.140772,82.566779,Mirzapur,Dankeen Ganj,ONSITE,True
ATM0101,ATM-UBI-014,BANK009,DIST004,25.452348,81.838918,Prayagraj,Civil Lines,ONSITE,True
ATM0102,ATM-INDUS-012,BANK010,DIST001,25.311368,83.008272,Varanasi,Godowlia,OFFSITE,True
ATM0103,ATM-PNB-009,BANK004,DIST011,28.80984,78.7503,Moradabad,Majhola,OFFSITE,True
ATM0104,ATM-UBI-015,BANK009,DIST010,27.924445,78.096882,Aligarh,University Market,OFFSITE,True
ATM0105,ATM-SBI-018,BANK002,DIST005,28.569211,77.315225,Noida (Gautam Buddha Nagar),Sector 18,OFFSITE,True
ATM0106,ATM-HDFC-009,BANK001,DIST010,27.915436,78.093812,Aligarh,University Market,ONSITE,True
ATM0107,ATM-AXIS-014,BANK005,DIST012,26.76171,83.378383,Gorakhpur,Golghar,OFFSITE,True
ATM0108,ATM-UBI-016,BANK009,DIST018,27.167632,78.410589,Firozabad,Suhag Nagar,ONSITE,True
ATM0109,ATM-SBI-019,BANK002,DIST020,25.736477,82.672513,Jaunpur,Line Bazar,OFFSITE,True
ATM0110,ATM-UBI-017,BANK009,DIST019,25.149378,82.572394,Mirzapur,Dankeen Ganj,OFFSITE,True
ATM0111,ATM-INDUS-013,BANK010,DIST006,28.647457,77.340723,Ghaziabad,Vaishali,ONSITE,True
ATM0112,ATM-ICICI-011,BANK003,DIST015,27.479581,77.636562,Mathura,Highway Mathura,ONSITE,True
ATM0113,ATM-HDFC-010,BANK001,DIST016,29.460435,77.713004,Muzaffarnagar,New Mandi,OFFSITE,True
ATM0114,ATM-PNB-010,BANK004,DIST019,25.141157,82.573677,Mirzapur,Dankeen Ganj,ONSITE,True
ATM0115,ATM-UBI-018,BANK009,DIST010,27.920861,78.090481,Aligarh,University Market,ONSITE,True
ATM0116,ATM-INDUS-014,BANK010,DIST008,28.995574,77.709756,Meerut,Begum Bridge,ONSITE,True
ATM0117,ATM-ICICI-012,BANK003,DIST009,28.363133,79.42183,Bareilly,Civil Lines,OFFSITE,False
ATM0118,ATM-KOTAK-007,BANK007,DIST002,26.865445,81.002389,Lucknow,Gomti Nagar,OFFSITE,True
ATM0119,ATM-KOTAK-008,BANK007,DIST002,26.799346,80.915222,Lucknow,Alambagh,OFFSITE,True
ATM0120,ATM-AXIS-015,BANK005,DIST017,29.969001,77.531146,Saharanpur,Court Road,ONSITE,True
ATM0121,ATM-SBI-020,BANK002,DIST006,28.689908,77.452654,Ghaziabad,Raj Nagar,ONSITE,True
ATM0122,ATM-CANARA-007,BANK008,DIST003,26.471926,80.351982,Kanpur Nagar,Civil Lines,OFFSITE,True
ATM0123,ATM-BOB-009,BANK006,DIST007,27.198969,78.005016,Agra,Sanjay Place,OFFSITE,True
ATM0124,ATM-PNB-011,BANK004,DIST011,28.844385,78.760623,Moradabad,Civil Lines,OFFSITE,True
ATM0125,ATM-KOTAK-009,BANK007,DIST002,26.852494,81.000438,Lucknow,Gomti Nagar,OFFSITE,True
ATM0126,ATM-AXIS-016,BANK005,DIST017,29.978275,77.540403,Saharanpur,Court Road,OFFSITE,True
ATM0127,ATM-UBI-019,BANK009,DIST003,26.416923,80.336205,Kanpur Nagar,Kidwai Nagar,OFFSITE,True
ATM0128,ATM-SBI-021,BANK002,DIST002,26.84483,80.942042,Lucknow,Hazratganj,OFFSITE,True
ATM0129,ATM-ICICI-013,BANK003,DIST008,28.99449,77.702211,Meerut,Begum Bridge,ONSITE,True
ATM0130,ATM-HDFC-011,BANK001,DIST010,27.929257,78.088898,Aligarh,University Market,ONSITE,True
ATM0131,ATM-BOB-010,BANK006,DIST003,26.418264,80.33286,Kanpur Nagar,Kidwai Nagar,OFFSITE,True
ATM0132,ATM-KOTAK-010,BANK007,DIST010,27.921867,78.081039,Aligarh,University Market,ONSITE,True
ATM0133,ATM-SBI-022,BANK002,DIST001,25.301257,82.98706,Varanasi,Bhelupur,ONSITE,True
ATM0134,ATM-AXIS-017,BANK005,DIST008,28.967139,77.731397,Meerut,Shastri Nagar,OFFSITE,True
ATM0135,ATM-HDFC-012,BANK001,DIST008,28.990947,77.697477,Meerut,Begum Bridge,OFFSITE,True
ATM0136,ATM-UBI-020,BANK009,DIST001,25.366694,83.019728,Varanasi,Sarnath,OFFSITE,True
ATM0137,ATM-BOB-011,BANK006,DIST002,26.859091,81.002553,Lucknow,Gomti Nagar,ONSITE,True
ATM0138,ATM-INDUS-015,BANK010,DIST014,25.45463,78.577984,Jhansi,Nawabad,OFFSITE,True
ATM0139,ATM-AXIS-018,BANK005,DIST010,27.909797,78.08291,Aligarh,Civil Lines,OFFSITE,True
ATM0140,ATM-BOB-012,BANK006,DIST005,28.519979,77.401452,Noida (Gautam Buddha Nagar),Sector 137,OFFSITE,True
ATM0141,ATM-UBI-021,BANK009,DIST006,28.648138,77.341637,Ghaziabad,Vaishali,OFFSITE,True
ATM0142,ATM-KOTAK-011,BANK007,DIST002,26.880709,80.98187,Lucknow,Indira Nagar,OFFSITE,True
ATM0143,ATM-INDUS-016,BANK010,DIST003,26.430857,80.309274,Kanpur Nagar,Govind Nagar,ONSITE,True
ATM0144,ATM-UBI-022,BANK009,DIST002,26.870486,80.988423,Lucknow,Indira Nagar,ONSITE,True
ATM0145,ATM-AXIS-019,BANK005,DIST002,26.809951,80.907575,Lucknow,Alambagh,ONSITE,True
ATM0146,ATM-CANARA-008,BANK008,DIST015,27.46838,77.632337,Mathura,Highway Mathura,ONSITE,True
ATM0147,ATM-UBI-023,BANK009,DIST018,27.165217,78.406098,Firozabad,Station Road,OFFSITE,True
ATM0148,ATM-SBI-023,BANK002,DIST014,25.432177,78.55599,Jhansi,Sadar Bazar,OFFSITE,True
ATM0149,ATM-SBI-024,BANK002,DIST008,28.992707,77.700466,Meerut,Begum Bridge,OFFSITE,True
ATM0150,ATM-AXIS-020,BANK005,DIST005,28.615304,77.366339,Noida (Gautam Buddha Nagar),Sector 62,OFFSITE,True
ATM0151,ATM-ICICI-014,BANK003,DIST008,28.971257,77.728963,Meerut,Shastri Nagar,OFFSITE,True
ATM0152,ATM-CANARA-009,BANK008,DIST001,25.33099,82.989801,Varanasi,Cantt,ONSITE,True
ATM0153,ATM-CANARA-010,BANK008,DIST014,25.431383,78.573169,Jhansi,Sadar Bazar,OFFSITE,True
ATM0154,ATM-KOTAK-012,BANK007,DIST005,28.621849,77.365447,Noida (Gautam Buddha Nagar),Sector 62,OFFSITE,True
ATM0155,ATM-ICICI-015,BANK003,DIST001,25.33644,82.993901,Varanasi,Cantt,ONSITE,True
ATM0156,ATM-SBI-025,BANK002,DIST002,26.849027,80.945942,Lucknow,Hazratganj,OFFSITE,True
ATM0157,ATM-ICICI-016,BANK003,DIST003,26.437717,80.317175,Kanpur Nagar,Govind Nagar,OFFSITE,True
ATM0158,ATM-UBI-024,BANK009,DIST006,28.683649,77.455738,Ghaziabad,Raj Nagar,ONSITE,True
ATM0159,ATM-PNB-012,BANK004,DIST007,27.151618,77.997848,Agra,Cantt Agra,OFFSITE,True
ATM0160,ATM-CANARA-011,BANK008,DIST013,26.770099,82.13808,Ayodhya (Faizabad),Civil Lines,ONSITE,True
ATM0161,ATM-UBI-025,BANK009,DIST006,28.652462,77.341478,Ghaziabad,Vaishali,OFFSITE,False
ATM0162,ATM-BOB-013,BANK006,DIST002,26.831826,80.923845,Lucknow,Charbagh,OFFSITE,True
ATM0163,ATM-INDUS-017,BANK010,DIST002,26.885547,80.991237,Lucknow,Indira Nagar,OFFSITE,True
ATM0164,ATM-UBI-026,BANK009,DIST017,29.942563,77.530019,Saharanpur,Delhi Road,OFFSITE,True
ATM0165,ATM-CANARA-012,BANK008,DIST004,25.468549,81.86101,Prayagraj,Katra,ONSITE,True
ATM0166,ATM-AXIS-021,BANK005,DIST005,28.627435,77.362777,Noida (Gautam Buddha Nagar),Sector 62,OFFSITE,True
ATM0167,ATM-PNB-013,BANK004,DIST004,25.433819,81.909868,Prayagraj,Jhusi,OFFSITE,True
ATM0168,ATM-AXIS-022,BANK005,DIST012,26.749839,83.372405,Gorakhpur,Golghar,OFFSITE,True
ATM0169,ATM-BOB-014,BANK006,DIST003,26.495853,80.262178,Kanpur Nagar,Kalyanpur,OFFSITE,True
ATM0170,ATM-ICICI-017,BANK003,DIST007,27.162903,78.054218,Agra,Tajganj,OFFSITE,True
ATM0171,ATM-ICICI-018,BANK003,DIST001,25.327911,82.987951,Varanasi,Sigra,ONSITE,True
ATM0172,ATM-KOTAK-013,BANK007,DIST012,26.759251,83.365301,Gorakhpur,Golghar,OFFSITE,True
ATM0173,ATM-CANARA-013,BANK008,DIST006,28.685919,77.4515,Ghaziabad,Raj Nagar,ONSITE,True
ATM0174,ATM-KOTAK-014,BANK007,DIST007,27.174693,78.04362,Agra,Tajganj,OFFSITE,True
ATM0175,ATM-INDUS-018,BANK010,DIST001,25.377355,83.020086,Varanasi,Sarnath,OFFSITE,True
ATM0176,ATM-INDUS-019,BANK010,DIST005,28.574261,77.310396,Noida (Gautam Buddha Nagar),Sector 18,ONSITE,True
ATM0177,ATM-BOB-015,BANK006,DIST005,28.576351,77.317908,Noida (Gautam Buddha Nagar),Sector 18,OFFSITE,True
ATM0178,ATM-KOTAK-015,BANK007,DIST004,25.423373,81.904255,Prayagraj,Jhusi,OFFSITE,True
ATM0179,ATM-CANARA-014,BANK008,DIST008,28.976022,77.730214,Meerut,Shastri Nagar,OFFSITE,True
ATM0180,ATM-CANARA-015,BANK008,DIST009,28.406914,79.354583,Bareilly,C.B. Ganj,ONSITE,True
ATM0181,ATM-KOTAK-016,BANK007,DIST003,26.491004,80.257177,Kanpur Nagar,Kalyanpur,ONSITE,True
ATM0182,ATM-ICICI-019,BANK003,DIST008,28.991612,77.702746,Meerut,Begum Bridge,ONSITE,False
ATM0183,ATM-KOTAK-017,BANK007,DIST003,26.471426,80.348775,Kanpur Nagar,Civil Lines,OFFSITE,True
ATM0184,ATM-HDFC-013,BANK001,DIST001,25.37785,82.956464,Varanasi,Shivpur,OFFSITE,True
ATM0185,ATM-ICICI-020,BANK003,DIST014,25.465943,78.564703,Jhansi,Nawabad,OFFSITE,True
ATM0186,ATM-HDFC-014,BANK001,DIST006,28.637112,77.372019,Ghaziabad,Indirapuram,OFFSITE,True
ATM0187,ATM-PNB-014,BANK004,DIST016,29.461251,77.723639,Muzaffarnagar,New Mandi,OFFSITE,True
ATM0188,ATM-KOTAK-018,BANK007,DIST011,28.810191,78.740652,Moradabad,Majhola,OFFSITE,True
ATM0189,ATM-AXIS-023,BANK005,DIST012,26.791554,83.39515,Gorakhpur,Medical College Road,OFFSITE,True
ATM0190,ATM-HDFC-015,BANK001,DIST004,25.429494,81.904348,Prayagraj,Jhusi,OFFSITE,True
ATM0191,ATM-BOB-016,BANK006,DIST011,28.843247,78.759854,Moradabad,Civil Lines,OFFSITE,True
ATM0192,ATM-HDFC-016,BANK001,DIST013,26.779173,82.139264,Ayodhya (Faizabad),Civil Lines,OFFSITE,True
ATM0193,ATM-PNB-015,BANK004,DIST011,28.841714,78.756313,Moradabad,Civil Lines,ONSITE,True
ATM0194,ATM-ICICI-021,BANK003,DIST001,25.288651,83.000823,Varanasi,Bhelupur,ONSITE,True
ATM0195,ATM-SBI-026,BANK002,DIST015,27.465792,77.630918,Mathura,Highway Mathura,OFFSITE,True
ATM0196,ATM-CANARA-016,BANK008,DIST010,27.915782,78.067935,Aligarh,Civil Lines,OFFSITE,True
ATM0197,ATM-ICICI-022,BANK003,DIST009,28.403233,79.349275,Bareilly,C.B. Ganj,ONSITE,True
ATM0198,ATM-ICICI-023,BANK003,DIST014,25.439859,78.560845,Jhansi,Sadar Bazar,ONSITE,False
ATM0199,ATM-INDUS-020,BANK010,DIST006,28.653776,77.374361,Ghaziabad,Indirapuram,OFFSITE,True
ATM0200,ATM-INDUS-021,BANK010,DIST002,26.801558,80.908504,Lucknow,Alambagh,OFFSITE,True
ATM0201,ATM-KOTAK-019,BANK007,DIST001,25.310852,82.987759,Varanasi,Sigra,OFFSITE,True
ATM0202,ATM-SBI-027,BANK002,DIST011,28.842654,78.763635,Moradabad,Civil Lines,OFFSITE,True
ATM0203,ATM-SBI-028,BANK002,DIST002,26.866103,81.005852,Lucknow,Gomti Nagar,ONSITE,True
ATM0204,ATM-INDUS-022,BANK010,DIST003,26.494209,80.262033,Kanpur Nagar,Kalyanpur,OFFSITE,True
ATM0205,ATM-BOB-017,BANK006,DIST008,28.97026,77.731993,Meerut,Shastri Nagar,OFFSITE,True
ATM0206,ATM-SBI-029,BANK002,DIST004,25.37738,81.864008,Prayagraj,Naini,OFFSITE,True
ATM0207,ATM-HDFC-017,BANK001,DIST012,26.79487,83.386232,Gorakhpur,Medical College Road,OFFSITE,True
ATM0208,ATM-SBI-030,BANK002,DIST011,28.812477,78.741895,Moradabad,Majhola,OFFSITE,True
ATM0209,ATM-CANARA-017,BANK008,DIST001,25.312038,83.000404,Varanasi,Godowlia,OFFSITE,True
ATM0210,ATM-ICICI-024,BANK003,DIST008,28.986552,77.706936,Meerut,Begum Bridge,ONSITE,True
ATM0211,ATM-INDUS-023,BANK010,DIST002,26.808899,80.906326,Lucknow,Alambagh,OFFSITE,True
ATM0212,ATM-CANARA-018,BANK008,DIST012,26.78421,83.392998,Gorakhpur,Medical College Road,ONSITE,True
ATM0213,ATM-BOB-018,BANK006,DIST015,27.466561,77.639647,Mathura,Highway Mathura,OFFSITE,True
ATM0214,ATM-AXIS-024,BANK005,DIST006,28.636403,77.369869,Ghaziabad,Indirapuram,OFFSITE,True
ATM0215,ATM-CANARA-019,BANK008,DIST016,29.483083,77.705093,Muzaffarnagar,Civil Lines,ONSITE,True
ATM0216,ATM-BOB-019,BANK006,DIST012,26.789731,83.398165,Gorakhpur,Medical College Road,OFFSITE,True
ATM0217,ATM-ICICI-025,BANK003,DIST004,25.389092,81.868669,Prayagraj,Naini,OFFSITE,True
ATM0218,ATM-AXIS-025,BANK005,DIST012,26.794233,83.393934,Gorakhpur,Medical College Road,ONSITE,True
ATM0219,ATM-UBI-027,BANK009,DIST018,27.173645,78.411598,Firozabad,Suhag Nagar,ONSITE,True
ATM0220,ATM-SBI-031,BANK002,DIST005,28.613974,77.367505,Noida (Gautam Buddha Nagar),Sector 62,OFFSITE,True
ATM0221,ATM-CANARA-020,BANK008,DIST002,26.877788,80.99139,Lucknow,Indira Nagar,ONSITE,True
ATM0222,ATM-CANARA-021,BANK008,DIST001,25.336063,82.976352,Varanasi,Cantt,ONSITE,True
ATM0223,ATM-CANARA-022,BANK008,DIST005,28.517339,77.409415,Noida (Gautam Buddha Nagar),Sector 137,OFFSITE,True
ATM0224,ATM-AXIS-026,BANK005,DIST004,25.455567,81.834235,Prayagraj,Civil Lines,ONSITE,True
ATM0225,ATM-AXIS-027,BANK005,DIST020,25.741116,82.674583,Jaunpur,Line Bazar,OFFSITE,True
ATM0226,ATM-CANARA-023,BANK008,DIST008,28.999599,77.703569,Meerut,Begum Bridge,ONSITE,True
ATM0227,ATM-KOTAK-020,BANK007,DIST014,25.450591,78.569207,Jhansi,Nawabad,ONSITE,False
ATM0228,ATM-BOB-020,BANK006,DIST004,25.383498,81.863976,Prayagraj,Naini,OFFSITE,True
ATM0229,ATM-AXIS-028,BANK005,DIST005,28.462332,77.504963,Noida (Gautam Buddha Nagar),Greater Noida Alpha,ONSITE,True
ATM0230,ATM-PNB-016,BANK004,DIST004,25.451171,81.829872,Prayagraj,Civil Lines,ONSITE,True
ATM0231,ATM-PNB-017,BANK004,DIST018,27.166549,78.394681,Firozabad,Station Road,OFFSITE,True
ATM0232,ATM-AXIS-029,BANK005,DIST020,25.760836,82.700106,Jaunpur,Shahganj Road,OFFSITE,True
ATM0233,ATM-SBI-032,BANK002,DIST004,25.382412,81.865005,Prayagraj,Naini,OFFSITE,True
ATM0234,ATM-PNB-018,BANK004,DIST014,25.45652,78.577159,Jhansi,Nawabad,ONSITE,True
ATM0235,ATM-HDFC-018,BANK001,DIST017,29.943133,77.522132,Saharanpur,Delhi Road,ONSITE,True
ATM0236,ATM-AXIS-030,BANK005,DIST012,26.759718,83.369117,Gorakhpur,Golghar,OFFSITE,True
ATM0237,ATM-UBI-028,BANK009,DIST004,25.463787,81.838689,Prayagraj,Civil Lines,OFFSITE,True
ATM0238,ATM-CANARA-024,BANK008,DIST002,26.856187,81.000919,Lucknow,Gomti Nagar,OFFSITE,True
ATM0239,ATM-INDUS-024,BANK010,DIST017,29.970717,77.547418,Saharanpur,Court Road,OFFSITE,True
ATM0240,ATM-CANARA-025,BANK008,DIST002,26.874257,80.978713,Lucknow,Indira Nagar,OFFSITE,True
ATM0241,ATM-AXIS-031,BANK005,DIST013,26.773795,82.137959,Ayodhya (Faizabad),Civil Lines,OFFSITE,True
ATM0242,ATM-SBI-033,BANK002,DIST012,26.774596,83.390649,Gorakhpur,Medical College Road,OFFSITE,True
ATM0243,ATM-CANARA-026,BANK008,DIST015,27.478619,77.629341,Mathura,Highway Mathura,OFFSITE,True
ATM0244,ATM-ICICI-026,BANK003,DIST004,25.4532,81.835528,Prayagraj,Civil Lines,ONSITE,True
ATM0245,ATM-SBI-034,BANK002,DIST016,29.464028,77.724575,Muzaffarnagar,New Mandi,ONSITE,False
ATM0246,ATM-UBI-029,BANK009,DIST012,26.763043,83.378658,Gorakhpur,Golghar,ONSITE,True
ATM0247,ATM-UBI-030,BANK009,DIST003,26.433148,80.307832,Kanpur Nagar,Govind Nagar,ONSITE,True
ATM0248,ATM-AXIS-032,BANK005,DIST003,26.423091,80.341002,Kanpur Nagar,Kidwai Nagar,OFFSITE,True
ATM0249,ATM-AXIS-033,BANK005,DIST001,25.323089,82.977553,Varanasi,Sigra,ONSITE,True
ATM0250,ATM-INDUS-025,BANK010,DIST011,28.848767,78.754249,Moradabad,Civil Lines,OFFSITE,False
ATM0251,ATM-PNB-019,BANK004,DIST014,25.436333,78.558993,Jhansi,Sadar Bazar,OFFSITE,True
ATM0252,ATM-SBI-035,BANK002,DIST019,25.168045,82.494793,Mirzapur,Vindhyachal,ONSITE,True
ATM0253,ATM-UBI-031,BANK009,DIST002,26.858878,81.000043,Lucknow,Gomti Nagar,OFFSITE,True
ATM0254,ATM-KOTAK-021,BANK007,DIST005,28.568185,77.322873,Noida (Gautam Buddha Nagar),Sector 18,OFFSITE,True
ATM0255,ATM-AXIS-034,BANK005,DIST005,28.510599,77.408639,Noida (Gautam Buddha Nagar),Sector 137,ONSITE,True
ATM0256,ATM-AXIS-035,BANK005,DIST020,25.756836,82.689371,Jaunpur,Shahganj Road,OFFSITE,True
ATM0257,ATM-SBI-036,BANK002,DIST001,25.318345,82.974824,Varanasi,Sigra,ONSITE,True
ATM0258,ATM-INDUS-026,BANK010,DIST012,26.783495,83.392968,Gorakhpur,Medical College Road,ONSITE,True
ATM0259,ATM-KOTAK-022,BANK007,DIST007,27.155851,78.040111,Agra,Tajganj,ONSITE,True
ATM0260,ATM-ICICI-027,BANK003,DIST012,26.763609,83.377553,Gorakhpur,Golghar,OFFSITE,True
ATM0261,ATM-SBI-037,BANK002,DIST019,25.146888,82.565265,Mirzapur,Dankeen Ganj,ONSITE,True
ATM0262,ATM-INDUS-027,BANK010,DIST006,28.641864,77.349301,Ghaziabad,Vaishali,OFFSITE,True
ATM0263,ATM-CANARA-027,BANK008,DIST020,25.759489,82.690967,Jaunpur,Shahganj Road,OFFSITE,True
ATM0264,ATM-KOTAK-023,BANK007,DIST004,25.385371,81.866853,Prayagraj,Naini,OFFSITE,True
ATM0265,ATM-CANARA-028,BANK008,DIST016,29.464528,77.720855,Muzaffarnagar,New Mandi,OFFSITE,True
ATM0266,ATM-KOTAK-024,BANK007,DIST016,29.482539,77.705613,Muzaffarnagar,Civil Lines,ONSITE,True
ATM0267,ATM-HDFC-019,BANK001,DIST014,25.454278,78.579616,Jhansi,Nawabad,OFFSITE,True
ATM0268,ATM-AXIS-036,BANK005,DIST018,27.161246,78.400457,Firozabad,Station Road,OFFSITE,True
ATM0269,ATM-CANARA-029,BANK008,DIST002,26.859875,80.994213,Lucknow,Gomti Nagar,OFFSITE,True
ATM0270,ATM-AXIS-037,BANK005,DIST003,26.417296,80.338929,Kanpur Nagar,Kidwai Nagar,OFFSITE,True
ATM0271,ATM-CANARA-030,BANK008,DIST004,25.425827,81.909979,Prayagraj,Jhusi,OFFSITE,False
ATM0272,ATM-BOB-021,BANK006,DIST001,25.318135,82.981559,Varanasi,Sigra,OFFSITE,True
ATM0273,ATM-SBI-038,BANK002,DIST010,27.930118,78.086532,Aligarh,University Market,ONSITE,True
ATM0274,ATM-KOTAK-025,BANK007,DIST014,25.458879,78.575145,Jhansi,Nawabad,OFFSITE,True
ATM0275,ATM-KOTAK-026,BANK007,DIST004,25.39701,81.867887,Prayagraj,Naini,ONSITE,True
ATM0276,ATM-CANARA-031,BANK008,DIST009,28.353618,79.421188,Bareilly,Civil Lines,OFFSITE,True
ATM0277,ATM-BOB-022,BANK006,DIST001,25.308105,83.004341,Varanasi,Godowlia,OFFSITE,True
ATM0278,ATM-UBI-032,BANK009,DIST009,28.416944,79.355117,Bareilly,C.B. Ganj,OFFSITE,True
ATM0279,ATM-UBI-033,BANK009,DIST003,26.473378,80.344007,Kanpur Nagar,Civil Lines,ONSITE,True
ATM0280,ATM-PNB-020,BANK004,DIST001,25.29006,83.00129,Varanasi,Lanka,ONSITE,True
ATM0281,ATM-CANARA-032,BANK008,DIST012,26.789103,83.400445,Gorakhpur,Medical College Road,ONSITE,True
ATM0282,ATM-AXIS-038,BANK005,DIST002,26.858573,81.002751,Lucknow,Gomti Nagar,ONSITE,True
ATM0283,ATM-CANARA-033,BANK008,DIST007,27.201007,78.013913,Agra,Sanjay Place,ONSITE,True
ATM0284,ATM-SBI-039,BANK002,DIST002,26.877842,80.982354,Lucknow,Indira Nagar,ONSITE,True
ATM0285,ATM-ICICI-028,BANK003,DIST011,28.859825,78.760517,Moradabad,Civil Lines,ONSITE,True
ATM0286,ATM-UBI-034,BANK009,DIST004,25.446361,81.836821,Prayagraj,Civil Lines,ONSITE,True
ATM0287,ATM-SBI-040,BANK002,DIST001,25.339455,82.985446,Varanasi,Cantt,ONSITE,True
ATM0288,ATM-ICICI-029,BANK003,DIST013,26.768678,82.133492,Ayodhya (Faizabad),Civil Lines,OFFSITE,True
ATM0289,ATM-UBI-035,BANK009,DIST020,25.747191,82.702009,Jaunpur,Shahganj Road,ONSITE,True
ATM0290,ATM-CANARA-034,BANK008,DIST008,28.986835,77.699136,Meerut,Begum Bridge,OFFSITE,False
ATM0291,ATM-CANARA-035,BANK008,DIST017,29.970664,77.535731,Saharanpur,Court Road,OFFSITE,True
ATM0292,ATM-PNB-021,BANK004,DIST013,26.797008,82.198572,Ayodhya (Faizabad),Naya Ghat,ONSITE,True
ATM0293,ATM-SBI-041,BANK002,DIST003,26.436619,80.310543,Kanpur Nagar,Govind Nagar,OFFSITE,True
ATM0294,ATM-BOB-023,BANK006,DIST004,25.428216,81.910312,Prayagraj,Jhusi,OFFSITE,True
ATM0295,ATM-AXIS-039,BANK005,DIST006,28.679222,77.452596,Ghaziabad,Raj Nagar,OFFSITE,True
ATM0296,ATM-AXIS-040,BANK005,DIST019,25.166036,82.495771,Mirzapur,Vindhyachal,OFFSITE,True
ATM0297,ATM-ICICI-030,BANK003,DIST014,25.451221,78.576638,Jhansi,Nawabad,OFFSITE,True
ATM0298,ATM-BOB-024,BANK006,DIST003,26.410524,80.340271,Kanpur Nagar,Kidwai Nagar,ONSITE,True
ATM0299,ATM-KOTAK-027,BANK007,DIST007,27.158245,78.00204,Agra,Cantt Agra,ONSITE,True
ATM0300,ATM-PNB-022,BANK004,DIST003,26.499235,80.264113,Kanpur Nagar,Kalyanpur,OFFSITE,False
ATM0301,ATM-INDUS-028,BANK010,DIST016,29.480813,77.708494,Muzaffarnagar,Civil Lines,ONSITE,True
ATM0302,ATM-HDFC-020,BANK001,DIST003,26.419366,80.336245,Kanpur Nagar,Kidwai Nagar,OFFSITE,True
ATM0303,ATM-KOTAK-028,BANK007,DIST008,28.994345,77.696825,Meerut,Begum Bridge,ONSITE,True
ATM0304,ATM-CANARA-036,BANK008,DIST005,28.618056,77.365046,Noida (Gautam Buddha Nagar),Sector 62,OFFSITE,False
ATM0305,ATM-UBI-036,BANK009,DIST020,25.735697,82.680263,Jaunpur,Line Bazar,ONSITE,False
ATM0306,ATM-SBI-042,BANK002,DIST007,27.188495,78.017689,Agra,Sanjay Place,ONSITE,True
ATM0307,ATM-SBI-043,BANK002,DIST002,26.878308,80.988221,Lucknow,Indira Nagar,ONSITE,True
ATM0308,ATM-HDFC-021,BANK001,DIST019,25.163383,82.498746,Mirzapur,Vindhyachal,OFFSITE,True
ATM0309,ATM-ICICI-031,BANK003,DIST016,29.464736,77.716414,Muzaffarnagar,New Mandi,ONSITE,True
ATM0310,ATM-BOB-025,BANK006,DIST018,27.167846,78.422017,Firozabad,Suhag Nagar,OFFSITE,True
ATM0311,ATM-SBI-044,BANK002,DIST016,29.459755,77.721337,Muzaffarnagar,New Mandi,ONSITE,True
ATM0312,ATM-BOB-026,BANK006,DIST012,26.786617,83.398342,Gorakhpur,Medical College Road,ONSITE,True
ATM0313,ATM-UBI-037,BANK009,DIST006,28.644142,77.342483,Ghaziabad,Vaishali,ONSITE,True
ATM0314,ATM-PNB-023,BANK004,DIST020,25.740026,82.676738,Jaunpur,Line Bazar,ONSITE,True
ATM0315,ATM-PNB-024,BANK004,DIST009,28.414822,79.353778,Bareilly,C.B. Ganj,OFFSITE,True
ATM0316,ATM-SBI-045,BANK002,DIST005,28.518235,77.41085,Noida (Gautam Buddha Nagar),Sector 137,ONSITE,True
ATM0317,ATM-CANARA-037,BANK008,DIST015,27.505449,77.666693,Mathura,Krishna Nagar,OFFSITE,True
ATM0318,ATM-HDFC-022,BANK001,DIST009,28.40561,79.343781,Bareilly,C.B. Ganj,ONSITE,True
ATM0319,ATM-AXIS-041,BANK005,DIST006,28.635236,77.369482,Ghaziabad,Indirapuram,OFFSITE,True
ATM0320,ATM-ICICI-032,BANK003,DIST004,25.429848,81.901499,Prayagraj,Jhusi,ONSITE,True
ATM0321,ATM-INDUS-029,BANK010,DIST010,27.913755,78.088585,Aligarh,University Market,ONSITE,True
ATM0322,ATM-ICICI-033,BANK003,DIST008,28.969729,77.7309,Meerut,Shastri Nagar,OFFSITE,True
ATM0323,ATM-KOTAK-029,BANK007,DIST006,28.692227,77.44188,Ghaziabad,Raj Nagar,OFFSITE,True
ATM0324,ATM-CANARA-038,BANK008,DIST010,27.9154,78.077877,Aligarh,Civil Lines,ONSITE,True
ATM0325,ATM-PNB-025,BANK004,DIST019,25.146737,82.57296,Mirzapur,Dankeen Ganj,ONSITE,True
ATM0326,ATM-CANARA-039,BANK008,DIST001,25.308056,83.010765,Varanasi,Godowlia,OFFSITE,True
ATM0327,ATM-CANARA-040,BANK008,DIST008,28.967647,77.726079,Meerut,Shastri Nagar,OFFSITE,True
ATM0328,ATM-SBI-046,BANK002,DIST015,27.489439,77.669984,Mathura,Krishna Nagar,OFFSITE,True
ATM0329,ATM-INDUS-030,BANK010,DIST012,26.788983,83.387066,Gorakhpur,Medical College Road,OFFSITE,True
ATM0330,ATM-AXIS-042,BANK005,DIST003,26.416154,80.341755,Kanpur Nagar,Kidwai Nagar,OFFSITE,True
ATM0331,ATM-PNB-026,BANK004,DIST012,26.792802,83.390314,Gorakhpur,Medical College Road,OFFSITE,False
ATM0332,ATM-SBI-047,BANK002,DIST019,25.168987,82.501624,Mirzapur,Vindhyachal,OFFSITE,True
ATM0333,ATM-BOB-027,BANK006,DIST001,25.29936,82.992696,Varanasi,Bhelupur,OFFSITE,True
ATM0334,ATM-HDFC-023,BANK001,DIST015,27.47058,77.637006,Mathura,Highway Mathura,OFFSITE,False
ATM0335,ATM-AXIS-043,BANK005,DIST010,27.930747,78.090495,Aligarh,University Market,ONSITE,True
ATM0336,ATM-HDFC-024,BANK001,DIST006,28.688736,77.447496,Ghaziabad,Raj Nagar,OFFSITE,True
ATM0337,ATM-AXIS-044,BANK005,DIST015,27.481098,77.630859,Mathura,Highway Mathura,OFFSITE,True
ATM0338,ATM-INDUS-031,BANK010,DIST010,27.923113,78.068811,Aligarh,Civil Lines,OFFSITE,True
ATM0339,ATM-PNB-027,BANK004,DIST013,26.776229,82.140268,Ayodhya (Faizabad),Civil Lines,OFFSITE,True
ATM0340,ATM-ICICI-034,BANK003,DIST001,25.371123,82.970117,Varanasi,Shivpur,OFFSITE,True
ATM0341,ATM-AXIS-045,BANK005,DIST004,25.459297,81.825573,Prayagraj,Civil Lines,OFFSITE,True
ATM0342,ATM-INDUS-032,BANK010,DIST020,25.737073,82.674138,Jaunpur,Line Bazar,OFFSITE,True
ATM0343,ATM-SBI-048,BANK002,DIST007,27.166882,78.04652,Agra,Tajganj,ONSITE,True
ATM0344,ATM-KOTAK-030,BANK007,DIST002,26.809513,80.905329,Lucknow,Alambagh,OFFSITE,True
ATM0345,ATM-UBI-038,BANK009,DIST005,28.615496,77.361444,Noida (Gautam Buddha Nagar),Sector 62,OFFSITE,True
ATM0346,ATM-UBI-039,BANK009,DIST001,25.305205,83.008167,Varanasi,Godowlia,ONSITE,True
ATM0347,ATM-ICICI-035,BANK003,DIST004,25.390155,81.868543,Prayagraj,Naini,ONSITE,True
ATM0348,ATM-AXIS-046,BANK005,DIST008,28.989137,77.695833,Meerut,Begum Bridge,ONSITE,True
ATM0349,ATM-SBI-049,BANK002,DIST020,25.758475,82.701733,Jaunpur,Shahganj Road,ONSITE,True
ATM0350,ATM-ICICI-036,BANK003,DIST007,27.162482,78.037596,Agra,Tajganj,ONSITE,True
ATM0351,ATM-KOTAK-031,BANK007,DIST003,26.430047,80.315147,Kanpur Nagar,Govind Nagar,OFFSITE,False
ATM0352,ATM-BOB-028,BANK006,DIST002,26.838917,80.919466,Lucknow,Charbagh,OFFSITE,True
ATM0353,ATM-HDFC-025,BANK001,DIST011,28.80933,78.733964,Moradabad,Majhola,OFFSITE,True
ATM0354,ATM-CANARA-041,BANK008,DIST020,25.735365,82.6819,Jaunpur,Line Bazar,ONSITE,True
ATM0355,ATM-INDUS-033,BANK010,DIST008,28.991254,77.703127,Meerut,Begum Bridge,ONSITE,True
ATM0356,ATM-SBI-050,BANK002,DIST002,26.810519,80.910912,Lucknow,Alambagh,ONSITE,True
ATM0357,ATM-HDFC-026,BANK001,DIST001,25.313647,82.980551,Varanasi,Sigra,OFFSITE,True
ATM0358,ATM-BOB-029,BANK006,DIST002,26.831436,80.92454,Lucknow,Charbagh,OFFSITE,True
ATM0359,ATM-SBI-051,BANK002,DIST006,28.653779,77.365343,Ghaziabad,Indirapuram,OFFSITE,True
ATM0360,ATM-AXIS-047,BANK005,DIST018,27.169257,78.411992,Firozabad,Suhag Nagar,ONSITE,True
ATM0361,ATM-ICICI-037,BANK003,DIST003,26.469807,80.353832,Kanpur Nagar,Civil Lines,ONSITE,True
ATM0362,ATM-AXIS-048,BANK005,DIST016,29.481842,77.704998,Muzaffarnagar,Civil Lines,OFFSITE,False
ATM0363,ATM-SBI-052,BANK002,DIST002,26.84606,80.941235,Lucknow,Hazratganj,ONSITE,True
ATM0364,ATM-KOTAK-032,BANK007,DIST005,28.621253,77.365852,Noida (Gautam Buddha Nagar),Sector 62,ONSITE,True
ATM0365,ATM-KOTAK-033,BANK007,DIST002,26.843324,80.919499,Lucknow,Charbagh,ONSITE,True
ATM0366,ATM-KOTAK-034,BANK007,DIST003,26.422371,80.31232,Kanpur Nagar,Govind Nagar,OFFSITE,True
ATM0367,ATM-INDUS-034,BANK010,DIST006,28.650539,77.34127,Ghaziabad,Vaishali,OFFSITE,True
ATM0368,ATM-HDFC-027,BANK001,DIST005,28.457559,77.512466,Noida (Gautam Buddha Nagar),Greater Noida Alpha,OFFSITE,True
ATM0369,ATM-CANARA-042,BANK008,DIST011,28.847701,78.754588,Moradabad,Civil Lines,ONSITE,True
ATM0370,ATM-BOB-030,BANK006,DIST003,26.431557,80.311687,Kanpur Nagar,Govind Nagar,ONSITE,True
ATM0371,ATM-BOB-031,BANK006,DIST001,25.362182,82.959945,Varanasi,Shivpur,OFFSITE,True
ATM0372,ATM-HDFC-028,BANK001,DIST005,28.473512,77.50786,Noida (Gautam Buddha Nagar),Greater Noida Alpha,OFFSITE,True
ATM0373,ATM-SBI-053,BANK002,DIST008,28.964329,77.735562,Meerut,Shastri Nagar,OFFSITE,True
ATM0374,ATM-SBI-054,BANK002,DIST008,28.98978,77.700955,Meerut,Begum Bridge,ONSITE,True
ATM0375,ATM-INDUS-035,BANK010,DIST007,27.152464,78.003145,Agra,Cantt Agra,OFFSITE,False
ATM0376,ATM-BOB-032,BANK006,DIST015,27.503393,77.671811,Mathura,Krishna Nagar,OFFSITE,True
ATM0377,ATM-INDUS-036,BANK010,DIST006,28.641042,77.370924,Ghaziabad,Indirapuram,OFFSITE,True
ATM0378,ATM-INDUS-037,BANK010,DIST014,25.435544,78.555407,Jhansi,Sadar Bazar,OFFSITE,True
ATM0379,ATM-PNB-028,BANK004,DIST001,25.367029,83.022845,Varanasi,Sarnath,OFFSITE,True
ATM0380,ATM-INDUS-038,BANK010,DIST007,27.156035,78.0408,Agra,Tajganj,OFFSITE,True
ATM0381,ATM-ICICI-038,BANK003,DIST013,26.766487,82.135775,Ayodhya (Faizabad),Civil Lines,OFFSITE,True
ATM0382,ATM-SBI-055,BANK002,DIST007,27.163424,78.042035,Agra,Tajganj,ONSITE,True
ATM0383,ATM-ICICI-039,BANK003,DIST014,25.440712,78.555396,Jhansi,Sadar Bazar,OFFSITE,True
ATM0384,ATM-INDUS-039,BANK010,DIST004,25.460558,81.863607,Prayagraj,Katra,OFFSITE,True
ATM0385,ATM-AXIS-049,BANK005,DIST011,28.846383,78.764997,Moradabad,Civil Lines,OFFSITE,True
ATM0386,ATM-KOTAK-035,BANK007,DIST001,25.359044,82.962313,Varanasi,Shivpur,ONSITE,True
ATM0387,ATM-CANARA-043,BANK008,DIST008,28.970855,77.73145,Meerut,Shastri Nagar,OFFSITE,True
ATM0388,ATM-UBI-040,BANK009,DIST012,26.787988,83.401494,Gorakhpur,Medical College Road,OFFSITE,True
ATM0389,ATM-UBI-041,BANK009,DIST005,28.516401,77.413789,Noida (Gautam Buddha Nagar),Sector 137,OFFSITE,True
ATM0390,ATM-UBI-042,BANK009,DIST003,26.473413,80.344461,Kanpur Nagar,Civil Lines,ONSITE,True
ATM0391,ATM-HDFC-029,BANK001,DIST004,25.455036,81.840556,Prayagraj,Civil Lines,OFFSITE,False
ATM0392,ATM-KOTAK-036,BANK007,DIST003,26.422406,80.334372,Kanpur Nagar,Kidwai Nagar,ONSITE,True
ATM0393,ATM-CANARA-044,BANK008,DIST011,28.809083,78.741193,Moradabad,Majhola,ONSITE,True
ATM0394,ATM-BOB-033,BANK006,DIST015,27.506278,77.676996,Mathura,Krishna Nagar,ONSITE,True
ATM0395,ATM-ICICI-040,BANK003,DIST015,27.494731,77.669796,Mathura,Krishna Nagar,OFFSITE,True
ATM0396,ATM-KOTAK-037,BANK007,DIST018,27.165026,78.405594,Firozabad,Suhag Nagar,OFFSITE,False
ATM0397,ATM-AXIS-050,BANK005,DIST007,27.157897,78.009738,Agra,Cantt Agra,OFFSITE,True
ATM0398,ATM-KOTAK-038,BANK007,DIST002,26.832052,80.920177,Lucknow,Charbagh,OFFSITE,True
ATM0399,ATM-UBI-043,BANK009,DIST005,28.571521,77.323329,Noida (Gautam Buddha Nagar),Sector 18,ONSITE,True
ATM0400,ATM-KOTAK-039,BANK007,DIST018,27.159188,78.393932,Firozabad,Station Road,OFFSITE,True
ATM0401,ATM-KOTAK-040,BANK007,DIST016,29.483443,77.705672,Muzaffarnagar,Civil Lines,ONSITE,True
ATM0402,ATM-KOTAK-041,BANK007,DIST003,26.422631,80.339152,Kanpur Nagar,Kidwai Nagar,ONSITE,True
ATM0403,ATM-BOB-034,BANK006,DIST001,25.280528,82.999071,Varanasi,Lanka,ONSITE,True
ATM0404,ATM-BOB-035,BANK006,DIST015,27.472152,77.62754,Mathura,Highway Mathura,ONSITE,True
ATM0405,ATM-SBI-056,BANK002,DIST013,26.806502,82.207377,Ayodhya (Faizabad),Naya Ghat,OFFSITE,True
ATM0406,ATM-SBI-057,BANK002,DIST005,28.579057,77.325118,Noida (Gautam Buddha Nagar),Sector 18,ONSITE,True
ATM0407,ATM-ICICI-041,BANK003,DIST011,28.808888,78.74339,Moradabad,Majhola,OFFSITE,True
ATM0408,ATM-UBI-044,BANK009,DIST001,25.301142,82.987366,Varanasi,Bhelupur,ONSITE,True
ATM0409,ATM-KOTAK-042,BANK007,DIST002,26.85844,80.940886,Lucknow,Hazratganj,OFFSITE,True
ATM0410,ATM-HDFC-030,BANK001,DIST009,28.415599,79.359233,Bareilly,C.B. Ganj,OFFSITE,False
ATM0411,ATM-AXIS-051,BANK005,DIST006,28.68639,77.458274,Ghaziabad,Raj Nagar,OFFSITE,True
ATM0412,ATM-ICICI-042,BANK003,DIST014,25.427751,78.555468,Jhansi,Sadar Bazar,OFFSITE,True
ATM0413,ATM-SBI-058,BANK002,DIST005,28.616914,77.354529,Noida (Gautam Buddha Nagar),Sector 62,ONSITE,True
ATM0414,ATM-SBI-059,BANK002,DIST017,29.936506,77.535286,Saharanpur,Delhi Road,OFFSITE,True
ATM0415,ATM-KOTAK-043,BANK007,DIST012,26.763833,83.368135,Gorakhpur,Golghar,OFFSITE,True
ATM0416,ATM-INDUS-040,BANK010,DIST010,27.923071,78.07352,Aligarh,Civil Lines,OFFSITE,True
ATM0417,ATM-HDFC-031,BANK001,DIST009,28.421307,79.361433,Bareilly,C.B. Ganj,OFFSITE,True
ATM0418,ATM-BOB-036,BANK006,DIST012,26.788876,83.399139,Gorakhpur,Medical College Road,ONSITE,True
ATM0419,ATM-ICICI-043,BANK003,DIST008,28.97758,77.727754,Meerut,Shastri Nagar,ONSITE,True
ATM0420,ATM-SBI-060,BANK002,DIST014,25.445132,78.582005,Jhansi,Nawabad,OFFSITE,True
ATM0421,ATM-SBI-061,BANK002,DIST005,28.565784,77.321324,Noida (Gautam Buddha Nagar),Sector 18,OFFSITE,True
ATM0422,ATM-KOTAK-044,BANK007,DIST010,27.912949,78.077884,Aligarh,Civil Lines,OFFSITE,True
ATM0423,ATM-ICICI-044,BANK003,DIST011,28.810252,78.742308,Moradabad,Majhola,OFFSITE,True
ATM0424,ATM-INDUS-041,BANK010,DIST016,29.467993,77.711313,Muzaffarnagar,New Mandi,OFFSITE,True
ATM0425,ATM-ICICI-045,BANK003,DIST003,26.464946,80.342128,Kanpur Nagar,Civil Lines,OFFSITE,True
ATM0426,ATM-HDFC-032,BANK001,DIST001,25.294361,82.995857,Varanasi,Bhelupur,OFFSITE,True
ATM0427,ATM-CANARA-045,BANK008,DIST005,28.477165,77.510025,Noida (Gautam Buddha Nagar),Greater Noida Alpha,ONSITE,True
ATM0428,ATM-INDUS-042,BANK010,DIST003,26.420039,80.345952,Kanpur Nagar,Kidwai Nagar,OFFSITE,True
ATM0429,ATM-PNB-029,BANK004,DIST002,26.809028,80.906108,Lucknow,Alambagh,OFFSITE,True
ATM0430,ATM-BOB-037,BANK006,DIST007,27.166501,78.044891,Agra,Tajganj,OFFSITE,True
ATM0431,ATM-INDUS-043,BANK010,DIST010,27.926977,78.089133,Aligarh,University Market,ONSITE,True
ATM0432,ATM-HDFC-033,BANK001,DIST019,25.157118,82.497538,Mirzapur,Vindhyachal,OFFSITE,True
ATM0433,ATM-HDFC-034,BANK001,DIST017,29.963799,77.537386,Saharanpur,Court Road,ONSITE,True
ATM0434,ATM-ICICI-046,BANK003,DIST007,27.15937,78.04093,Agra,Tajganj,OFFSITE,True
ATM0435,ATM-BOB-038,BANK006,DIST017,29.945508,77.522345,Saharanpur,Delhi Road,OFFSITE,True
ATM0436,ATM-KOTAK-045,BANK007,DIST005,28.514235,77.408437,Noida (Gautam Buddha Nagar),Sector 137,OFFSITE,True
ATM0437,ATM-UBI-045,BANK009,DIST018,27.167452,78.40898,Firozabad,Suhag Nagar,OFFSITE,True
ATM0438,ATM-SBI-062,BANK002,DIST013,26.789448,82.204835,Ayodhya (Faizabad),Naya Ghat,OFFSITE,True
ATM0439,ATM-HDFC-035,BANK001,DIST007,27.1554,78.01074,Agra,Cantt Agra,OFFSITE,True
ATM0440,ATM-SBI-063,BANK002,DIST002,26.880866,80.982291,Lucknow,Indira Nagar,OFFSITE,True
ATM0441,ATM-INDUS-044,BANK010,DIST016,29.467088,77.734316,Muzaffarnagar,New Mandi,OFFSITE,True
ATM0442,ATM-AXIS-052,BANK005,DIST016,29.460522,77.721762,Muzaffarnagar,New Mandi,ONSITE,True
ATM0443,ATM-BOB-039,BANK006,DIST009,28.357587,79.416855,Bareilly,Civil Lines,OFFSITE,True
ATM0444,ATM-BOB-040,BANK006,DIST003,26.418758,80.34905,Kanpur Nagar,Kidwai Nagar,OFFSITE,True
ATM0445,ATM-PNB-030,BANK004,DIST011,28.841446,78.761369,Moradabad,Civil Lines,OFFSITE,True
ATM0446,ATM-UBI-046,BANK009,DIST015,27.468764,77.634706,Mathura,Highway Mathura,ONSITE,True
ATM0447,ATM-BOB-041,BANK006,DIST003,26.491455,80.255448,Kanpur Nagar,Kalyanpur,OFFSITE,True
ATM0448,ATM-SBI-064,BANK002,DIST013,26.770769,82.138475,Ayodhya (Faizabad),Civil Lines,ONSITE,True
ATM0449,ATM-UBI-047,BANK009,DIST017,29.966198,77.544557,Saharanpur,Court Road,OFFSITE,True
ATM0450,ATM-BOB-042,BANK006,DIST020,25.754695,82.688321,Jaunpur,Shahganj Road,ONSITE,True
ATM0451,ATM-PNB-031,BANK004,DIST008,28.967133,77.730973,Meerut,Shastri Nagar,ONSITE,True
ATM0452,ATM-PNB-032,BANK004,DIST015,27.478547,77.632159,Mathura,Highway Mathura,ONSITE,True
ATM0453,ATM-SBI-065,BANK002,DIST003,26.425846,80.313003,Kanpur Nagar,Govind Nagar,ONSITE,True
ATM0454,ATM-CANARA-046,BANK008,DIST009,28.417941,79.354684,Bareilly,C.B. Ganj,OFFSITE,True
ATM0455,ATM-INDUS-045,BANK010,DIST018,27.161904,78.412589,Firozabad,Suhag Nagar,ONSITE,True
ATM0456,ATM-BOB-043,BANK006,DIST014,25.463169,78.575861,Jhansi,Nawabad,ONSITE,True
ATM0457,ATM-CANARA-047,BANK008,DIST005,28.567267,77.319421,Noida (Gautam Buddha Nagar),Sector 18,ONSITE,True
ATM0458,ATM-AXIS-053,BANK005,DIST011,28.811002,78.735184,Moradabad,Majhola,OFFSITE,True
ATM0459,ATM-UBI-048,BANK009,DIST002,26.808958,80.909206,Lucknow,Alambagh,OFFSITE,True
ATM0460,ATM-CANARA-048,BANK008,DIST019,25.163325,82.501775,Mirzapur,Vindhyachal,ONSITE,True
ATM0461,ATM-AXIS-054,BANK005,DIST011,28.806055,78.739724,Moradabad,Majhola,OFFSITE,True
ATM0462,ATM-INDUS-046,BANK010,DIST009,28.366965,79.42212,Bareilly,Civil Lines,ONSITE,True
ATM0463,ATM-CANARA-049,BANK008,DIST002,26.878973,80.987982,Lucknow,Indira Nagar,ONSITE,True
ATM0464,ATM-CANARA-050,BANK008,DIST015,27.508039,77.669754,Mathura,Krishna Nagar,OFFSITE,True
ATM0465,ATM-PNB-033,BANK004,DIST007,27.154173,78.01553,Agra,Cantt Agra,OFFSITE,True
ATM0466,ATM-UBI-049,BANK009,DIST008,28.992508,77.706963,Meerut,Begum Bridge,OFFSITE,True
ATM0467,ATM-CANARA-051,BANK008,DIST012,26.755174,83.368946,Gorakhpur,Golghar,OFFSITE,True
ATM0468,ATM-SBI-066,BANK002,DIST007,27.202818,78.009285,Agra,Sanjay Place,OFFSITE,True
ATM0469,ATM-HDFC-036,BANK001,DIST006,28.642485,77.377126,Ghaziabad,Indirapuram,ONSITE,True
ATM0470,ATM-CANARA-052,BANK008,DIST011,28.813862,78.73705,Moradabad,Majhola,OFFSITE,True
ATM0471,ATM-BOB-044,BANK006,DIST012,26.75599,83.373621,Gorakhpur,Golghar,ONSITE,True
ATM0472,ATM-KOTAK-046,BANK007,DIST005,28.478879,77.516063,Noida (Gautam Buddha Nagar),Greater Noida Alpha,OFFSITE,True
ATM0473,ATM-INDUS-047,BANK010,DIST005,28.477143,77.504416,Noida (Gautam Buddha Nagar),Greater Noida Alpha,ONSITE,True
ATM0474,ATM-SBI-067,BANK002,DIST016,29.465618,77.724337,Muzaffarnagar,New Mandi,ONSITE,True
ATM0475,ATM-AXIS-055,BANK005,DIST004,25.430363,81.908252,Prayagraj,Jhusi,OFFSITE,True
ATM0476,ATM-ICICI-047,BANK003,DIST002,26.822476,80.909615,Lucknow,Charbagh,ONSITE,True
ATM0477,ATM-BOB-045,BANK006,DIST009,28.359265,79.420683,Bareilly,Civil Lines,OFFSITE,True
ATM0478,ATM-KOTAK-047,BANK007,DIST006,28.683891,77.453108,Ghaziabad,Raj Nagar,ONSITE,True
ATM0479,ATM-AXIS-056,BANK005,DIST005,28.57098,77.323585,Noida (Gautam Buddha Nagar),Sector 18,ONSITE,True
ATM0480,ATM-BOB-046,BANK006,DIST001,25.369443,82.959366,Varanasi,Shivpur,OFFSITE,True
ATM0481,ATM-KOTAK-048,BANK007,DIST016,29.480698,77.698771,Muzaffarnagar,Civil Lines,OFFSITE,True
ATM0482,ATM-BOB-047,BANK006,DIST002,26.842574,80.941519,Lucknow,Hazratganj,OFFSITE,True
ATM0483,ATM-BOB-048,BANK006,DIST005,28.626251,77.36068,Noida (Gautam Buddha Nagar),Sector 62,OFFSITE,True
ATM0484,ATM-PNB-034,BANK004,DIST017,29.947142,77.532496,Saharanpur,Delhi Road,OFFSITE,True
ATM0485,ATM-ICICI-048,BANK003,DIST017,29.971672,77.538753,Saharanpur,Court Road,OFFSITE,True
ATM0486,ATM-UBI-050,BANK009,DIST010,27.908331,78.07518,Aligarh,Civil Lines,ONSITE,True
ATM0487,ATM-BOB-049,BANK006,DIST010,27.913326,78.07821,Aligarh,Civil Lines,ONSITE,True
ATM0488,ATM-INDUS-048,BANK010,DIST017,29.971266,77.555438,Saharanpur,Court Road,OFFSITE,True
ATM0489,ATM-ICICI-049,BANK003,DIST005,28.62837,77.36324,Noida (Gautam Buddha Nagar),Sector 62,OFFSITE,True
ATM0490,ATM-CANARA-053,BANK008,DIST017,29.978526,77.536435,Saharanpur,Court Road,OFFSITE,True
ATM0491,ATM-PNB-035,BANK004,DIST010,27.919928,78.095914,Aligarh,University Market,OFFSITE,False
ATM0492,ATM-AXIS-057,BANK005,DIST002,26.829717,80.908986,Lucknow,Charbagh,ONSITE,True
ATM0493,ATM-PNB-036,BANK004,DIST019,25.169395,82.505056,Mirzapur,Vindhyachal,OFFSITE,True
ATM0494,ATM-CANARA-054,BANK008,DIST011,28.811472,78.740078,Moradabad,Majhola,OFFSITE,True
ATM0495,ATM-BOB-050,BANK006,DIST007,27.160899,78.030661,Agra,Tajganj,OFFSITE,True
ATM0496,ATM-CANARA-055,BANK008,DIST010,27.920528,78.088653,Aligarh,University Market,OFFSITE,True
ATM0497,ATM-KOTAK-049,BANK007,DIST001,25.377422,83.020112,Varanasi,Sarnath,OFFSITE,True
ATM0498,ATM-ICICI-050,BANK003,DIST008,28.996887,77.701098,Meerut,Begum Bridge,OFFSITE,True
ATM0499,ATM-ICICI-051,BANK003,DIST002,26.826569,80.922343,Lucknow,Charbagh,OFFSITE,True
ATM0500,ATM-CANARA-056,BANK008,DIST008,28.971907,77.736381,Meerut,Shastri Nagar,ONSITE,True
